customer_id,country
16332.0,United Kingdom
12748.0,United Kingdom
17405.0,United Kingdom
13209.0,United Kingdom
14911.0,EIRE
14886.0,United Kingdom
15977.0,United Kingdom
14390.0,United Kingdom
17779.0,United Kingdom
13240.0,United Kingdom
13263.0,United Kingdom
16434.0,United Kingdom
16923.0,United Kingdom
14298.0,United Kingdom
17110.0,United Kingdom
15311.0,United Kingdom
13985.0,United Kingdom
13993.0,United Kingdom
15570.0,United Kingdom
17696.0,United Kingdom
14049.0,United Kingdom
12678.0,France
13089.0,United Kingdom
14606.0,United Kingdom
16370.0,United Kingdom
13370.0,United Kingdom
17861.0,United Kingdom
13183.0,United Kingdom
14696.0,United Kingdom
13276.0,United Kingdom
17527.0,United Kingdom
15144.0,United Kingdom
15547.0,United Kingdom
14449.0,United Kingdom
13599.0,United Kingdom
16771.0,United Kingdom
15290.0,United Kingdom
14844.0,United Kingdom
16746.0,United Kingdom
14527.0,United Kingdom
12971.0,United Kingdom
16931.0,United Kingdom
13317.0,United Kingdom
15719.0,United Kingdom
14808.0,United Kingdom
16040.0,United Kingdom
13610.0,United Kingdom
18263.0,United Kingdom
17841.0,United Kingdom
15241.0,United Kingdom
17652.0,United Kingdom
15804.0,United Kingdom
14096.0,United Kingdom
14810.0,United Kingdom
12782.0,Portugal
14101.0,United Kingdom
18035.0,United Kingdom
15640.0,United Kingdom
17049.0,United Kingdom
15033.0,United Kingdom
14769.0,United Kingdom
13611.0,United Kingdom
16398.0,United Kingdom
14387.0,United Kingdom
17458.0,United Kingdom
17364.0,United Kingdom
16871.0,United Kingdom
17664.0,United Kingdom
15039.0,United Kingdom
14732.0,United Kingdom
17254.0,United Kingdom
15211.0,United Kingdom
16729.0,United Kingdom
14472.0,United Kingdom
16755.0,United Kingdom
15531.0,United Kingdom
15800.0,United Kingdom
17735.0,United Kingdom
17340.0,United Kingdom
17449.0,United Kingdom
16910.0,United Kingdom
13869.0,United Kingdom
13437.0,United Kingdom
13842.0,United Kingdom
13362.0,United Kingdom
12731.0,France
15701.0,United Kingdom
12540.0,Spain
13410.0,United Kingdom
18069.0,United Kingdom
18245.0,United Kingdom
16201.0,United Kingdom
15663.0,United Kingdom
16734.0,United Kingdom
13294.0,United Kingdom
12444.0,Norway
12375.0,Finland
13937.0,United Kingdom
12705.0,Germany
15426.0,United Kingdom
17085.0,United Kingdom
13496.0,United Kingdom
15752.0,United Kingdom
14432.0,United Kingdom
16474.0,United Kingdom
16712.0,United Kingdom
12878.0,United Kingdom
18116.0,United Kingdom
17459.0,United Kingdom
17865.0,United Kingdom
13271.0,United Kingdom
12822.0,United Kingdom
14023.0,United Kingdom
12621.0,Germany
16493.0,United Kingdom
12668.0,Germany
12490.0,France
17769.0,United Kingdom
12700.0,France
13694.0,United Kingdom
13875.0,United Kingdom
15096.0,United Kingdom
16360.0,United Kingdom
17490.0,United Kingdom
14226.0,United Kingdom
12500.0,Germany
17511.0,United Kingdom
14440.0,United Kingdom
16347.0,United Kingdom
15568.0,United Kingdom
13081.0,United Kingdom
12627.0,Germany
14739.0,United Kingdom
15861.0,United Kingdom
15114.0,United Kingdom
16525.0,United Kingdom
16710.0,United Kingdom
17181.0,United Kingdom
14644.0,United Kingdom
13911.0,United Kingdom
17686.0,United Kingdom
17693.0,United Kingdom
17144.0,United Kingdom
18196.0,United Kingdom
13644.0,United Kingdom
13098.0,United Kingdom
13418.0,United Kingdom
17837.0,United Kingdom
15985.0,United Kingdom
16033.0,United Kingdom
16422.0,United Kingdom
14297.0,United Kingdom
18055.0,United Kingdom
17917.0,United Kingdom
13319.0,United Kingdom
16943.0,United Kingdom
15491.0,United Kingdom
17504.0,United Kingdom
16940.0,United Kingdom
16426.0,United Kingdom
15061.0,United Kingdom
14587.0,United Kingdom
14823.0,United Kingdom
14014.0,United Kingdom
14344.0,United Kingdom
16145.0,United Kingdom
14367.0,United Kingdom
13426.0,United Kingdom
14217.0,United Kingdom
17175.0,United Kingdom
15415.0,United Kingdom
17937.0,United Kingdom
13850.0,United Kingdom
16912.0,United Kingdom
15854.0,United Kingdom
17920.0,United Kingdom
14704.0,United Kingdom
13268.0,United Kingdom
16298.0,United Kingdom
14159.0,United Kingdom
15805.0,United Kingdom
15641.0,United Kingdom
14675.0,United Kingdom
17095.0,United Kingdom
14194.0,United Kingdom
17051.0,United Kingdom
15498.0,United Kingdom
15065.0,United Kingdom
16365.0,United Kingdom
15837.0,United Kingdom
14140.0,United Kingdom
14410.0,United Kingdom
12607.0,USA
16007.0,United Kingdom
18102.0,United Kingdom
16520.0,United Kingdom
14535.0,United Kingdom
13408.0,United Kingdom
17059.0,United Kingdom
16942.0,United Kingdom
12454.0,Spain
16744.0,United Kingdom
14680.0,United Kingdom
14640.0,United Kingdom
16700.0,United Kingdom
16447.0,United Kingdom
17042.0,United Kingdom
14583.0,United Kingdom
14593.0,United Kingdom
13213.0,United Kingdom
14553.0,United Kingdom
16464.0,United Kingdom
15424.0,United Kingdom
13137.0,United Kingdom
16311.0,United Kingdom
17758.0,United Kingdom
13637.0,United Kingdom
14180.0,United Kingdom
14305.0,United Kingdom
13928.0,United Kingdom
15240.0,United Kingdom
14085.0,United Kingdom
15021.0,United Kingdom
16188.0,United Kingdom
14636.0,United Kingdom
17187.0,United Kingdom
17107.0,United Kingdom
16684.0,United Kingdom
17169.0,United Kingdom
16814.0,United Kingdom
14482.0,United Kingdom
14178.0,United Kingdom
16722.0,United Kingdom
15048.0,United Kingdom
12474.0,Germany
17068.0,United Kingdom
15518.0,United Kingdom
17897.0,United Kingdom
12446.0,RSA
17629.0,United Kingdom
15000.0,United Kingdom
14796.0,United Kingdom
15532.0,United Kingdom
16859.0,United Kingdom
13614.0,United Kingdom
15483.0,United Kingdom
13435.0,United Kingdom
16399.0,United Kingdom
17799.0,United Kingdom
17400.0,United Kingdom
16440.0,United Kingdom
14609.0,United Kingdom
16243.0,United Kingdom
14930.0,Channel Islands
15757.0,United Kingdom
12613.0,Germany
14591.0,United Kingdom
14646.0,Netherlands
16247.0,United Kingdom
14525.0,United Kingdom
12931.0,United Kingdom
15482.0,United Kingdom
14505.0,United Kingdom
16892.0,United Kingdom
12471.0,Germany
12921.0,United Kingdom
14572.0,United Kingdom
13113.0,United Kingdom
13075.0,United Kingdom
17725.0,United Kingdom
14426.0,United Kingdom
12885.0,United Kingdom
15572.0,United Kingdom
16187.0,United Kingdom
12654.0,Germany
16015.0,United Kingdom
14415.0,United Kingdom
12867.0,United Kingdom
15907.0,United Kingdom
12407.0,Belgium
16750.0,United Kingdom
15351.0,United Kingdom
14961.0,United Kingdom
13334.0,United Kingdom
15123.0,United Kingdom
13244.0,United Kingdom
16504.0,United Kingdom
18065.0,United Kingdom
16626.0,United Kingdom
16011.0,United Kingdom
14257.0,United Kingdom
14256.0,United Kingdom
13787.0,United Kingdom
18143.0,United Kingdom
14446.0,United Kingdom
15159.0,United Kingdom
15069.0,United Kingdom
17133.0,United Kingdom
17870.0,United Kingdom
16706.0,United Kingdom
13735.0,United Kingdom
14667.0,United Kingdom
12948.0,United Kingdom
15721.0,United Kingdom
15708.0,United Kingdom
13458.0,United Kingdom
16409.0,United Kingdom
15297.0,United Kingdom
17949.0,United Kingdom
16813.0,United Kingdom
17728.0,United Kingdom
13198.0,United Kingdom
13767.0,United Kingdom
16987.0,United Kingdom
14211.0,United Kingdom
15443.0,United Kingdom
12381.0,Norway
14502.0,United Kingdom
13394.0,United Kingdom
18092.0,United Kingdom
17218.0,United Kingdom
13784.0,United Kingdom
12872.0,United Kingdom
13952.0,United Kingdom
17412.0,United Kingdom
13557.0,United Kingdom
14745.0,United Kingdom
17372.0,United Kingdom
18022.0,United Kingdom
15514.0,United Kingdom
14765.0,United Kingdom
13477.0,United Kingdom
16701.0,United Kingdom
17827.0,United Kingdom
15545.0,United Kingdom
16806.0,United Kingdom
16164.0,United Kingdom
13069.0,United Kingdom
16367.0,United Kingdom
15769.0,United Kingdom
17512.0,United Kingdom
15866.0,United Kingdom
14795.0,United Kingdom
17757.0,United Kingdom
17444.0,Canada
15281.0,United Kingdom
15044.0,United Kingdom
13813.0,Germany
16401.0,United Kingdom
15416.0,United Kingdom
17014.0,United Kingdom
12488.0,France
17338.0,United Kingdom
16466.0,United Kingdom
13102.0,United Kingdom
13662.0,United Kingdom
13880.0,United Kingdom
17131.0,United Kingdom
12726.0,France
14498.0,United Kingdom
17566.0,United Kingdom
16657.0,United Kingdom
15845.0,United Kingdom
15312.0,United Kingdom
14030.0,United Kingdom
12433.0,Norway
16735.0,United Kingdom
15883.0,United Kingdom
15186.0,United Kingdom
14598.0,United Kingdom
16372.0,United Kingdom
17368.0,United Kingdom
13798.0,United Kingdom
15197.0,United Kingdom
17659.0,United Kingdom
17434.0,United Kingdom
14395.0,United Kingdom
17802.0,United Kingdom
16049.0,United Kingdom
16029.0,United Kingdom
17243.0,United Kingdom
15853.0,United Kingdom
12451.0,Switzerland
14762.0,United Kingdom
17797.0,United Kingdom
17114.0,United Kingdom
14456.0,United Kingdom
12472.0,Germany
15814.0,United Kingdom
14465.0,United Kingdom
13476.0,United Kingdom
14156.0,EIRE
16210.0,United Kingdom
13475.0,United Kingdom
16869.0,United Kingdom
15024.0,United Kingdom
14223.0,United Kingdom
13871.0,United Kingdom
14577.0,United Kingdom
15974.0,United Kingdom
12512.0,Israel
17428.0,United Kingdom
15078.0,United Kingdom
12766.0,Portugal
16293.0,United Kingdom
16407.0,United Kingdom
15696.0,United Kingdom
14418.0,United Kingdom
16955.0,United Kingdom
12783.0,Portugal
15083.0,United Kingdom
16570.0,United Kingdom
15571.0,United Kingdom
16180.0,United Kingdom
15053.0,United Kingdom
14040.0,United Kingdom
15786.0,United Kingdom
14713.0,United Kingdom
15249.0,United Kingdom
16549.0,United Kingdom
12689.0,France
16550.0,United Kingdom
18223.0,United Kingdom
17303.0,United Kingdom
18283.0,United Kingdom
14056.0,United Kingdom
14546.0,United Kingdom
12792.0,Portugal
16127.0,United Kingdom
13668.0,United Kingdom
18056.0,United Kingdom
17809.0,United Kingdom
14730.0,United Kingdom
14533.0,United Kingdom
14401.0,United Kingdom
17227.0,United Kingdom
15321.0,United Kingdom
17800.0,United Kingdom
18260.0,United Kingdom
12757.0,Portugal
15360.0,United Kingdom
13267.0,United Kingdom
14755.0,United Kingdom
15025.0,United Kingdom
13050.0,United Kingdom
15022.0,United Kingdom
12536.0,France
12625.0,Germany
14841.0,United Kingdom
14895.0,United Kingdom
17211.0,United Kingdom
16898.0,United Kingdom
14903.0,United Kingdom
14688.0,United Kingdom
13846.0,United Kingdom
13208.0,United Kingdom
13493.0,Switzerland
15358.0,United Kingdom
15051.0,United Kingdom
12933.0,United Kingdom
15493.0,United Kingdom
16592.0,United Kingdom
12515.0,Italy
17528.0,United Kingdom
16368.0,United Kingdom
12714.0,France
12716.0,France
17416.0,United Kingdom
15988.0,United Kingdom
13743.0,United Kingdom
17037.0,United Kingdom
14672.0,United Kingdom
17278.0,United Kingdom
12753.0,Japan
16497.0,United Kingdom
15722.0,United Kingdom
13269.0,United Kingdom
16316.0,United Kingdom
14267.0,United Kingdom
18204.0,United Kingdom
12626.0,Germany
16919.0,United Kingdom
14250.0,United Kingdom
15511.0,United Kingdom
17043.0,United Kingdom
13157.0,United Kingdom
14327.0,United Kingdom
15146.0,United Kingdom
13395.0,United Kingdom
16395.0,United Kingdom
17272.0,United Kingdom
15314.0,United Kingdom
15164.0,United Kingdom
14307.0,United Kingdom
15601.0,United Kingdom
14702.0,United Kingdom
17604.0,United Kingdom
14466.0,United Kingdom
14687.0,United Kingdom
13159.0,United Kingdom
13014.0,United Kingdom
16747.0,United Kingdom
17864.0,United Kingdom
15809.0,United Kingdom
16609.0,United Kingdom
14462.0,United Kingdom
16140.0,United Kingdom
12437.0,France
12841.0,United Kingdom
15068.0,United Kingdom
12545.0,Spain
17611.0,United Kingdom
15260.0,United Kingdom
17590.0,United Kingdom
16929.0,United Kingdom
16612.0,United Kingdom
16268.0,United Kingdom
15356.0,United Kingdom
14530.0,United Kingdom
15218.0,United Kingdom
12415.0,Australia
15747.0,United Kingdom
13487.0,United Kingdom
15437.0,United Kingdom
17337.0,United Kingdom
16348.0,United Kingdom
13951.0,United Kingdom
16951.0,United Kingdom
14389.0,United Kingdom
12957.0,United Kingdom
13755.0,United Kingdom
15694.0,United Kingdom
18280.0,United Kingdom
17651.0,United Kingdom
12386.0,Australia
13647.0,United Kingdom
17048.0,United Kingdom
12601.0,Germany
14985.0,United Kingdom
12572.0,Germany
12849.0,United Kingdom
13715.0,United Kingdom
16205.0,United Kingdom
15660.0,United Kingdom
17220.0,United Kingdom
15687.0,United Kingdom
17790.0,United Kingdom
14936.0,Channel Islands
16775.0,United Kingdom
15471.0,United Kingdom
15830.0,United Kingdom
12778.0,Netherlands
16779.0,United Kingdom
15901.0,United Kingdom
15984.0,United Kingdom
13448.0,United Kingdom
15060.0,United Kingdom
12347.0,Iceland
13742.0,United Kingdom
14396.0,United Kingdom
13940.0,United Kingdom
13508.0,United Kingdom
17581.0,United Kingdom
12916.0,United Kingdom
12517.0,Germany
13941.0,United Kingdom
14176.0,United Kingdom
14258.0,United Kingdom
14669.0,United Kingdom
13097.0,United Kingdom
15122.0,United Kingdom
16242.0,United Kingdom
17298.0,United Kingdom
18172.0,United Kingdom
16295.0,United Kingdom
14356.0,United Kingdom
17783.0,United Kingdom
14629.0,United Kingdom
15916.0,United Kingdom
15811.0,United Kingdom
17315.0,United Kingdom
14700.0,United Kingdom
17811.0,United Kingdom
17894.0,United Kingdom
12721.0,France
17838.0,United Kingdom
17967.0,United Kingdom
16356.0,United Kingdom
16686.0,United Kingdom
17228.0,United Kingdom
12477.0,Germany
15440.0,United Kingdom
15541.0,United Kingdom
17934.0,United Kingdom
13560.0,United Kingdom
14800.0,United Kingdom
17105.0,United Kingdom
15993.0,United Kingdom
17231.0,United Kingdom
16533.0,United Kingdom
15427.0,United Kingdom
13769.0,United Kingdom
17111.0,United Kingdom
18221.0,United Kingdom
17353.0,United Kingdom
16891.0,United Kingdom
17675.0,United Kingdom
16374.0,United Kingdom
14067.0,United Kingdom
14235.0,United Kingdom
16795.0,United Kingdom
14543.0,United Kingdom
13792.0,United Kingdom
12479.0,Germany
16979.0,United Kingdom
14487.0,United Kingdom
15840.0,United Kingdom
16843.0,United Kingdom
16303.0,United Kingdom
16670.0,United Kingdom
18139.0,United Kingdom
12569.0,Germany
12357.0,Switzerland
17890.0,United Kingdom
12431.0,Belgium
13571.0,United Kingdom
16698.0,United Kingdom
13491.0,United Kingdom
17738.0,United Kingdom
15150.0,United Kingdom
14333.0,United Kingdom
14277.0,France
16759.0,United Kingdom
14506.0,United Kingdom
16475.0,United Kingdom
16379.0,United Kingdom
17516.0,United Kingdom
14547.0,United Kingdom
12708.0,Germany
15856.0,United Kingdom
15502.0,United Kingdom
12521.0,Germany
14044.0,United Kingdom
16618.0,United Kingdom
16503.0,United Kingdom
12432.0,Norway
14135.0,United Kingdom
12438.0,Norway
17462.0,United Kingdom
13471.0,United Kingdom
16020.0,United Kingdom
12383.0,Belgium
12583.0,France
14299.0,United Kingdom
16324.0,United Kingdom
13141.0,United Kingdom
13833.0,United Kingdom
14133.0,United Kingdom
13115.0,United Kingdom
18004.0,United Kingdom
17530.0,United Kingdom
14618.0,United Kingdom
13199.0,United Kingdom
17238.0,United Kingdom
18109.0,United Kingdom
15005.0,United Kingdom
16099.0,United Kingdom
15781.0,United Kingdom
17101.0,United Kingdom
15505.0,United Kingdom
17396.0,United Kingdom
12656.0,France
15782.0,United Kingdom
14191.0,United Kingdom
17596.0,United Kingdom
15525.0,United Kingdom
14918.0,United Kingdom
17975.0,United Kingdom
17140.0,United Kingdom
14315.0,United Kingdom
12449.0,Belgium
12567.0,France
16143.0,United Kingdom
14849.0,United Kingdom
14913.0,United Kingdom
16748.0,United Kingdom
12597.0,Spain
13308.0,United Kingdom
15889.0,United Kingdom
13405.0,United Kingdom
17265.0,United Kingdom
16918.0,United Kingdom
14501.0,United Kingdom
16600.0,United Kingdom
15763.0,United Kingdom
17419.0,United Kingdom
12398.0,Switzerland
15494.0,United Kingdom
15645.0,United Kingdom
13963.0,United Kingdom
13521.0,United Kingdom
17019.0,United Kingdom
17015.0,United Kingdom
16515.0,United Kingdom
12920.0,United Kingdom
18281.0,United Kingdom
17744.0,United Kingdom
16477.0,United Kingdom
13607.0,United Kingdom
12453.0,Austria
17816.0,United Kingdom
14251.0,United Kingdom
16402.0,United Kingdom
14422.0,United Kingdom
15555.0,United Kingdom
15276.0,United Kingdom
14081.0,United Kingdom
17777.0,United Kingdom
16283.0,United Kingdom
15480.0,Malta
14128.0,United Kingdom
17180.0,United Kingdom
13782.0,United Kingdom
13634.0,United Kingdom
14649.0,United Kingdom
16053.0,United Kingdom
17503.0,United Kingdom
13673.0,United Kingdom
14489.0,United Kingdom
15237.0,United Kingdom
15365.0,United Kingdom
13030.0,United Kingdom
12640.0,France
13148.0,United Kingdom
14544.0,United Kingdom
16384.0,United Kingdom
12688.0,Israel
16394.0,United Kingdom
13522.0,United Kingdom
13971.0,United Kingdom
16572.0,United Kingdom
12524.0,Germany
12891.0,United Kingdom
17282.0,United Kingdom
13329.0,United Kingdom
14088.0,United Kingdom
13495.0,United Kingdom
14656.0,United Kingdom
12717.0,Greece
13110.0,United Kingdom
13018.0,United Kingdom
15952.0,United Kingdom
14215.0,United Kingdom
16762.0,United Kingdom
18198.0,United Kingdom
13488.0,United Kingdom
12462.0,Spain
13278.0,United Kingdom
14293.0,United Kingdom
17463.0,United Kingdom
15434.0,United Kingdom
17625.0,United Kingdom
14057.0,United Kingdom
17928.0,United Kingdom
14060.0,United Kingdom
13468.0,United Kingdom
17633.0,United Kingdom
15903.0,United Kingdom
14829.0,United Kingdom
13229.0,United Kingdom
14284.0,United Kingdom
16110.0,United Kingdom
16406.0,United Kingdom
12712.0,Germany
18041.0,United Kingdom
14562.0,United Kingdom
16279.0,United Kingdom
12447.0,Belgium
12901.0,United Kingdom
17602.0,United Kingdom
14334.0,United Kingdom
15034.0,United Kingdom
16873.0,United Kingdom
16904.0,United Kingdom
15453.0,United Kingdom
17418.0,United Kingdom
17385.0,United Kingdom
13016.0,United Kingdom
14723.0,United Kingdom
14467.0,United Kingdom
12752.0,Norway
15700.0,United Kingdom
13991.0,United Kingdom
13756.0,United Kingdom
16639.0,United Kingdom
15919.0,United Kingdom
17432.0,United Kingdom
14653.0,United Kingdom
17634.0,United Kingdom
14710.0,United Kingdom
14071.0,United Kingdom
17050.0,United Kingdom
17716.0,United Kingdom
14205.0,United Kingdom
15677.0,United Kingdom
13777.0,United Kingdom
13986.0,United Kingdom
13900.0,United Kingdom
16218.0,United Kingdom
14341.0,United Kingdom
17724.0,United Kingdom
15192.0,United Kingdom
17576.0,United Kingdom
14585.0,United Kingdom
17835.0,United Kingdom
15464.0,United Kingdom
13211.0,United Kingdom
17700.0,United Kingdom
14890.0,United Kingdom
13994.0,United Kingdom
15113.0,United Kingdom
13995.0,United Kingdom
16841.0,United Kingdom
16915.0,United Kingdom
17673.0,United Kingdom
18118.0,United Kingdom
14087.0,United Kingdom
13456.0,United Kingdom
13919.0,Denmark
18106.0,United Kingdom
16076.0,United Kingdom
17223.0,United Kingdom
17090.0,United Kingdom
12683.0,France
14408.0,United Kingdom
14709.0,United Kingdom
14493.0,United Kingdom
14146.0,United Kingdom
15955.0,United Kingdom
16717.0,United Kingdom
17667.0,United Kingdom
12758.0,Portugal
13748.0,United Kingdom
15858.0,United Kingdom
16340.0,United Kingdom
13173.0,United Kingdom
15513.0,United Kingdom
14910.0,United Kingdom
14554.0,United Kingdom
12452.0,Switzerland
14664.0,United Kingdom
17248.0,United Kingdom
15255.0,United Kingdom
14332.0,United Kingdom
16393.0,United Kingdom
15910.0,United Kingdom
17350.0,United Kingdom
12681.0,France
14868.0,United Kingdom
12833.0,United Kingdom
12478.0,Greece
14733.0,United Kingdom
13151.0,United Kingdom
15785.0,United Kingdom
12672.0,France
15743.0,United Kingdom
15325.0,United Kingdom
13486.0,United Kingdom
12528.0,Germany
17083.0,United Kingdom
12360.0,Austria
14499.0,United Kingdom
14862.0,United Kingdom
12633.0,Germany
12546.0,Spain
16764.0,United Kingdom
16200.0,United Kingdom
14626.0,United Kingdom
17612.0,United Kingdom
13310.0,United Kingdom
12362.0,Belgium
13064.0,United Kingdom
12412.0,Denmark
13650.0,United Kingdom
15707.0,United Kingdom
14565.0,United Kingdom
17509.0,United Kingdom
17189.0,United Kingdom
13015.0,United Kingdom
15009.0,United Kingdom
13649.0,United Kingdom
16956.0,United Kingdom
15865.0,United Kingdom
14397.0,United Kingdom
16241.0,United Kingdom
14375.0,United Kingdom
13988.0,United Kingdom
15296.0,United Kingdom
13509.0,United Kingdom
14670.0,United Kingdom
16153.0,United Kingdom
13999.0,United Kingdom
12877.0,United Kingdom
17411.0,United Kingdom
18094.0,United Kingdom
14161.0,United Kingdom
18122.0,United Kingdom
15467.0,United Kingdom
14083.0,United Kingdom
13192.0,United Kingdom
15527.0,United Kingdom
16072.0,United Kingdom
14597.0,United Kingdom
16678.0,United Kingdom
12647.0,Germany
12553.0,France
17214.0,United Kingdom
16805.0,United Kingdom
17609.0,United Kingdom
16916.0,United Kingdom
16019.0,United Kingdom
13388.0,United Kingdom
16743.0,United Kingdom
16638.0,United Kingdom
15058.0,United Kingdom
14665.0,United Kingdom
13092.0,United Kingdom
14684.0,United Kingdom
17164.0,United Kingdom
13975.0,United Kingdom
17883.0,United Kingdom
13165.0,United Kingdom
17381.0,United Kingdom
16212.0,United Kingdom
12539.0,Spain
14029.0,United Kingdom
13949.0,United Kingdom
15529.0,United Kingdom
16005.0,United Kingdom
14623.0,United Kingdom
13629.0,United Kingdom
14276.0,United Kingdom
17690.0,United Kingdom
14560.0,United Kingdom
17965.0,United Kingdom
13232.0,United Kingdom
15004.0,United Kingdom
15862.0,United Kingdom
14803.0,United Kingdom
13104.0,United Kingdom
15291.0,United Kingdom
16902.0,United Kingdom
17442.0,United Kingdom
15091.0,United Kingdom
17999.0,United Kingdom
16483.0,United Kingdom
13481.0,United Kingdom
12388.0,Australia
15152.0,United Kingdom
12484.0,Spain
12775.0,Netherlands
14076.0,United Kingdom
17054.0,United Kingdom
13265.0,United Kingdom
17812.0,United Kingdom
17863.0,United Kingdom
17139.0,United Kingdom
15678.0,United Kingdom
17968.0,United Kingdom
13340.0,United Kingdom
15320.0,United Kingdom
18150.0,United Kingdom
17924.0,United Kingdom
12690.0,France
15622.0,United Kingdom
16932.0,United Kingdom
12670.0,France
13124.0,United Kingdom
15036.0,United Kingdom
18272.0,United Kingdom
16597.0,United Kingdom
14038.0,United Kingdom
13332.0,United Kingdom
18043.0,United Kingdom
16960.0,United Kingdom
16133.0,United Kingdom
13510.0,United Kingdom
12610.0,Italy
13381.0,United Kingdom
12842.0,United Kingdom
14701.0,United Kingdom
12843.0,United Kingdom
15012.0,United Kingdom
14286.0,United Kingdom
14009.0,United Kingdom
15704.0,United Kingdom
15500.0,United Kingdom
14239.0,United Kingdom
16416.0,United Kingdom
15787.0,United Kingdom
15444.0,United Kingdom
15115.0,United Kingdom
17649.0,United Kingdom
12428.0,Finland
18145.0,United Kingdom
13117.0,United Kingdom
12534.0,Germany
15017.0,United Kingdom
13001.0,United Kingdom
16350.0,United Kingdom
16107.0,United Kingdom
16085.0,United Kingdom
16928.0,United Kingdom
14758.0,United Kingdom
13497.0,United Kingdom
15998.0,United Kingdom
15002.0,United Kingdom
14227.0,United Kingdom
14243.0,United Kingdom
17787.0,United Kingdom
15644.0,United Kingdom
17027.0,United Kingdom
14189.0,United Kingdom
13601.0,United Kingdom
12713.0,Germany
15544.0,United Kingdom
15244.0,United Kingdom
14421.0,United Kingdom
13158.0,United Kingdom
13002.0,United Kingdom
12393.0,Australia
17481.0,United Kingdom
17266.0,United Kingdom
13357.0,United Kingdom
17126.0,United Kingdom
18044.0,United Kingdom
17236.0,United Kingdom
12391.0,Cyprus
15930.0,United Kingdom
16224.0,United Kingdom
14092.0,United Kingdom
16092.0,United Kingdom
16206.0,United Kingdom
12410.0,Switzerland
17346.0,United Kingdom
12354.0,Spain
17754.0,United Kingdom
12952.0,United Kingdom
17515.0,United Kingdom
12720.0,Germany
18178.0,United Kingdom
15023.0,United Kingdom
13230.0,United Kingdom
16985.0,United Kingdom
16121.0,United Kingdom
15189.0,United Kingdom
13517.0,United Kingdom
15288.0,United Kingdom
16230.0,United Kingdom
13174.0,United Kingdom
13854.0,United Kingdom
15517.0,United Kingdom
15270.0,United Kingdom
17706.0,United Kingdom
16558.0,United Kingdom
15855.0,United Kingdom
15429.0,United Kingdom
15874.0,United Kingdom
14866.0,United Kingdom
15134.0,United Kingdom
13692.0,United Kingdom
17567.0,United Kingdom
16239.0,United Kingdom
16905.0,United Kingdom
17001.0,United Kingdom
16933.0,United Kingdom
14778.0,United Kingdom
16573.0,United Kingdom
13955.0,United Kingdom
13761.0,United Kingdom
12909.0,United Kingdom
16270.0,United Kingdom
16271.0,United Kingdom
16104.0,United Kingdom
15436.0,United Kingdom
13800.0,United Kingdom
12988.0,United Kingdom
14051.0,United Kingdom
12834.0,United Kingdom
13379.0,United Kingdom
13790.0,United Kingdom
13606.0,United Kingdom
17858.0,United Kingdom
14561.0,United Kingdom
15791.0,United Kingdom
13705.0,United Kingdom
12520.0,Germany
13327.0,United Kingdom
14210.0,United Kingdom
14020.0,United Kingdom
14323.0,United Kingdom
15796.0,United Kingdom
13047.0,United Kingdom
17619.0,United Kingdom
16719.0,United Kingdom
12378.0,Switzerland
17595.0,United Kingdom
17796.0,United Kingdom
13969.0,United Kingdom
12600.0,Germany
17819.0,United Kingdom
16386.0,United Kingdom
16637.0,United Kingdom
13246.0,United Kingdom
16115.0,United Kingdom
13881.0,United Kingdom
15615.0,United Kingdom
17466.0,United Kingdom
16594.0,United Kingdom
17160.0,United Kingdom
14312.0,United Kingdom
17431.0,United Kingdom
12682.0,France
17191.0,United Kingdom
16494.0,United Kingdom
16012.0,United Kingdom
15228.0,United Kingdom
18095.0,United Kingdom
18114.0,United Kingdom
16274.0,United Kingdom
13225.0,United Kingdom
16713.0,United Kingdom
12930.0,United Kingdom
12955.0,United Kingdom
13849.0,United Kingdom
13838.0,United Kingdom
14719.0,United Kingdom
15733.0,United Kingdom
14078.0,United Kingdom
15074.0,United Kingdom
16169.0,United Kingdom
14041.0,United Kingdom
17379.0,United Kingdom
14175.0,United Kingdom
14428.0,United Kingdom
16255.0,United Kingdom
13461.0,United Kingdom
13425.0,United Kingdom
17438.0,United Kingdom
14871.0,United Kingdom
16317.0,United Kingdom
13178.0,United Kingdom
17384.0,United Kingdom
16056.0,United Kingdom
14039.0,United Kingdom
14515.0,United Kingdom
16877.0,United Kingdom
13623.0,United Kingdom
12883.0,United Kingdom
18239.0,United Kingdom
16240.0,United Kingdom
16883.0,United Kingdom
16648.0,United Kingdom
16470.0,United Kingdom
16728.0,United Kingdom
12473.0,Germany
17064.0,United Kingdom
15867.0,United Kingdom
16380.0,United Kingdom
16265.0,United Kingdom
15658.0,United Kingdom
13576.0,United Kingdom
15449.0,United Kingdom
12481.0,Germany
15489.0,United Kingdom
12395.0,Belgium
18130.0,United Kingdom
16984.0,United Kingdom
15214.0,United Kingdom
17786.0,United Kingdom
13430.0,United Kingdom
15456.0,United Kingdom
13552.0,United Kingdom
14534.0,United Kingdom
17921.0,United Kingdom
18158.0,United Kingdom
15136.0,United Kingdom
12779.0,Poland
17585.0,United Kingdom
16146.0,United Kingdom
14130.0,United Kingdom
15272.0,United Kingdom
12589.0,France
14916.0,United Kingdom
13658.0,United Kingdom
15203.0,United Kingdom
15939.0,United Kingdom
13901.0,United Kingdom
13956.0,United Kingdom
17655.0,United Kingdom
15523.0,United Kingdom
15116.0,United Kingdom
15836.0,United Kingdom
14698.0,United Kingdom
17712.0,United Kingdom
16757.0,United Kingdom
17073.0,United Kingdom
12394.0,Belgium
15748.0,United Kingdom
13429.0,United Kingdom
15921.0,United Kingdom
13451.0,United Kingdom
16554.0,United Kingdom
13467.0,United Kingdom
14282.0,United Kingdom
16161.0,United Kingdom
12944.0,United Kingdom
15367.0,United Kingdom
16556.0,United Kingdom
12744.0,Singapore
15508.0,United Kingdom
12405.0,Finland
14712.0,United Kingdom
18179.0,United Kingdom
15206.0,United Kingdom
15289.0,United Kingdom
17301.0,United Kingdom
13654.0,United Kingdom
14878.0,United Kingdom
13372.0,United Kingdom
13313.0,United Kingdom
15251.0,United Kingdom
14662.0,United Kingdom
15406.0,United Kingdom
17871.0,United Kingdom
17321.0,United Kingdom
12417.0,Belgium
12359.0,Cyprus
15245.0,United Kingdom
14289.0,United Kingdom
14121.0,United Kingdom
15673.0,United Kingdom
14735.0,United Kingdom
12594.0,Italy
16961.0,United Kingdom
12794.0,Portugal
17813.0,United Kingdom
17203.0,United Kingdom
16788.0,United Kingdom
17548.0,United Kingdom
16794.0,United Kingdom
14154.0,United Kingdom
13639.0,United Kingdom
15730.0,United Kingdom
17677.0,United Kingdom
14852.0,United Kingdom
17109.0,United Kingdom
16930.0,United Kingdom
15382.0,United Kingdom
14711.0,United Kingdom
13936.0,United Kingdom
14099.0,United Kingdom
15373.0,United Kingdom
15194.0,United Kingdom
18075.0,United Kingdom
16442.0,United Kingdom
14104.0,United Kingdom
13536.0,United Kingdom
17692.0,United Kingdom
14032.0,United Kingdom
12949.0,United Kingdom
12811.0,Portugal
12830.0,United Kingdom
15298.0,United Kingdom
15376.0,United Kingdom
17371.0,United Kingdom
13764.0,United Kingdom
14652.0,United Kingdom
18232.0,United Kingdom
12965.0,United Kingdom
17682.0,United Kingdom
15756.0,United Kingdom
16066.0,United Kingdom
12584.0,Italy
15379.0,United Kingdom
14419.0,United Kingdom
18072.0,United Kingdom
13256.0,United Kingdom
12725.0,Italy
18252.0,United Kingdom
13203.0,United Kingdom
17644.0,United Kingdom
15933.0,United Kingdom
17334.0,United Kingdom
18225.0,United Kingdom
17017.0,United Kingdom
17589.0,United Kingdom
13453.0,United Kingdom
18246.0,United Kingdom
13709.0,United Kingdom
17663.0,United Kingdom
15271.0,United Kingdom
12651.0,France
13078.0,United Kingdom
14776.0,United Kingdom
15628.0,United Kingdom
18180.0,United Kingdom
12577.0,France
14691.0,United Kingdom
14234.0,United Kingdom
13224.0,United Kingdom
16266.0,United Kingdom
18125.0,United Kingdom
14321.0,United Kingdom
18097.0,United Kingdom
15880.0,United Kingdom
18077.0,United Kingdom
16186.0,United Kingdom
13421.0,United Kingdom
16839.0,United Kingdom
12951.0,United Kingdom
15306.0,United Kingdom
16875.0,United Kingdom
17832.0,United Kingdom
14452.0,United Kingdom
15462.0,United Kingdom
12676.0,Sweden
17749.0,United Kingdom
12409.0,Switzerland
13365.0,United Kingdom
14512.0,United Kingdom
16341.0,United Kingdom
18034.0,United Kingdom
15301.0,United Kingdom
14461.0,United Kingdom
13656.0,United Kingdom
16629.0,United Kingdom
14904.0,United Kingdom
13109.0,United Kingdom
12740.0,France
17656.0,United Kingdom
12928.0,United Kingdom
13925.0,United Kingdom
15448.0,United Kingdom
16424.0,United Kingdom
15596.0,United Kingdom
15987.0,United Kingdom
12541.0,Spain
13736.0,United Kingdom
13744.0,United Kingdom
14329.0,United Kingdom
14246.0,United Kingdom
16054.0,United Kingdom
12526.0,Germany
17697.0,United Kingdom
15339.0,United Kingdom
18188.0,United Kingdom
17086.0,United Kingdom
17648.0,United Kingdom
17867.0,United Kingdom
15030.0,United Kingdom
13588.0,United Kingdom
13262.0,United Kingdom
17365.0,United Kingdom
15746.0,United Kingdom
14379.0,United Kingdom
16431.0,United Kingdom
15438.0,United Kingdom
17620.0,United Kingdom
18155.0,United Kingdom
15106.0,United Kingdom
17954.0,United Kingdom
14753.0,United Kingdom
13680.0,United Kingdom
14188.0,United Kingdom
16057.0,United Kingdom
12476.0,Germany
16109.0,United Kingdom
17961.0,United Kingdom
15521.0,United Kingdom
13138.0,United Kingdom
13253.0,United Kingdom
13320.0,United Kingdom
14381.0,United Kingdom
17774.0,United Kingdom
12624.0,France
16889.0,United Kingdom
15050.0,United Kingdom
16989.0,United Kingdom
17402.0,United Kingdom
14222.0,United Kingdom
13989.0,United Kingdom
17081.0,United Kingdom
17386.0,United Kingdom
17314.0,United Kingdom
13933.0,United Kingdom
14273.0,United Kingdom
16412.0,United Kingdom
16326.0,United Kingdom
17289.0,United Kingdom
17935.0,United Kingdom
17157.0,United Kingdom
16936.0,United Kingdom
18210.0,United Kingdom
17703.0,United Kingdom
17519.0,United Kingdom
13726.0,United Kingdom
18257.0,United Kingdom
16209.0,United Kingdom
17730.0,United Kingdom
16726.0,United Kingdom
14573.0,United Kingdom
15624.0,United Kingdom
16471.0,United Kingdom
15815.0,United Kingdom
16628.0,United Kingdom
14748.0,United Kingdom
17994.0,United Kingdom
15860.0,United Kingdom
12669.0,France
16458.0,United Kingdom
16460.0,United Kingdom
18173.0,United Kingdom
16150.0,United Kingdom
12832.0,United Kingdom
13887.0,United Kingdom
12947.0,United Kingdom
17295.0,United Kingdom
15990.0,United Kingdom
16906.0,United Kingdom
12429.0,Denmark
15716.0,United Kingdom
15041.0,United Kingdom
12530.0,Germany
17489.0,United Kingdom
14407.0,United Kingdom
13021.0,United Kingdom
13259.0,United Kingdom
12929.0,United Kingdom
13450.0,United Kingdom
15665.0,United Kingdom
17561.0,United Kingdom
14364.0,United Kingdom
12772.0,Portugal
15581.0,United Kingdom
13815.0,Germany
16369.0,United Kingdom
17221.0,United Kingdom
16825.0,United Kingdom
12501.0,Germany
15129.0,United Kingdom
17404.0,Sweden
17560.0,United Kingdom
17719.0,United Kingdom
15475.0,United Kingdom
15485.0,United Kingdom
17450.0,United Kingdom
13221.0,United Kingdom
17006.0,United Kingdom
12562.0,France
15819.0,United Kingdom
12458.0,Switzerland
13642.0,United Kingdom
17593.0,United Kingdom
14532.0,United Kingdom
13596.0,United Kingdom
14016.0,EIRE
12352.0,Norway
17406.0,United Kingdom
13593.0,United Kingdom
17389.0,United Kingdom
13523.0,United Kingdom
17082.0,United Kingdom
17377.0,United Kingdom
14984.0,United Kingdom
16013.0,United Kingdom
15850.0,United Kingdom
14891.0,United Kingdom
15877.0,United Kingdom
12945.0,United Kingdom
13004.0,United Kingdom
13126.0,United Kingdom
14488.0,United Kingdom
15370.0,United Kingdom
13318.0,United Kingdom
12598.0,France
16008.0,United Kingdom
18062.0,United Kingdom
14518.0,United Kingdom
14639.0,United Kingdom
13402.0,United Kingdom
14349.0,United Kingdom
12355.0,Bahrain
13814.0,Germany
12604.0,France
16284.0,United Kingdom
15533.0,United Kingdom
12684.0,France
12455.0,Cyprus
16006.0,United Kingdom
14411.0,United Kingdom
12854.0,United Kingdom
17251.0,United Kingdom
14291.0,United Kingdom
14997.0,United Kingdom
16924.0,United Kingdom
15014.0,United Kingdom
17451.0,United Kingdom
13028.0,United Kingdom
14944.0,United Kingdom
17323.0,United Kingdom
13924.0,United Kingdom
14759.0,United Kingdom
17329.0,United Kingdom
15059.0,United Kingdom
16767.0,United Kingdom
13322.0,United Kingdom
13791.0,United Kingdom
14167.0,United Kingdom
14198.0,United Kingdom
17613.0,United Kingdom
15790.0,United Kingdom
14383.0,United Kingdom
14741.0,United Kingdom
14729.0,United Kingdom
13564.0,United Kingdom
15539.0,United Kingdom
17495.0,United Kingdom
14152.0,United Kingdom
14965.0,United Kingdom
14779.0,United Kingdom
15764.0,United Kingdom
14245.0,United Kingdom
13882.0,United Kingdom
12356.0,Portugal
16880.0,United Kingdom
16059.0,United Kingdom
16438.0,United Kingdom
13090.0,United Kingdom
16837.0,United Kingdom
17499.0,United Kingdom
15895.0,United Kingdom
17671.0,United Kingdom
14002.0,United Kingdom
16607.0,United Kingdom
17397.0,United Kingdom
13046.0,United Kingdom
16697.0,United Kingdom
15163.0,United Kingdom
16108.0,United Kingdom
18027.0,United Kingdom
14414.0,United Kingdom
15655.0,United Kingdom
13546.0,United Kingdom
13034.0,United Kingdom
14971.0,United Kingdom
15608.0,United Kingdom
16450.0,United Kingdom
14139.0,United Kingdom
13758.0,United Kingdom
18013.0,United Kingdom
15132.0,United Kingdom
15407.0,United Kingdom
16791.0,United Kingdom
16818.0,United Kingdom
17614.0,United Kingdom
14077.0,United Kingdom
15773.0,United Kingdom
15620.0,United Kingdom
16170.0,United Kingdom
13473.0,United Kingdom
13505.0,Switzerland
16745.0,United Kingdom
15402.0,United Kingdom
12836.0,United Kingdom
15891.0,United Kingdom
15630.0,United Kingdom
15750.0,United Kingdom
13384.0,United Kingdom
16383.0,United Kingdom
14837.0,United Kingdom
13527.0,United Kingdom
16122.0,United Kingdom
14622.0,United Kingdom
16036.0,United Kingdom
12994.0,United Kingdom
17705.0,United Kingdom
13569.0,United Kingdom
13358.0,United Kingdom
17325.0,United Kingdom
14357.0,United Kingdom
16519.0,United Kingdom
13566.0,United Kingdom
15095.0,United Kingdom
16602.0,United Kingdom
16921.0,United Kingdom
16444.0,United Kingdom
15038.0,United Kingdom
17204.0,United Kingdom
15839.0,United Kingdom
16222.0,United Kingdom
14035.0,United Kingdom
17250.0,United Kingdom
17854.0,United Kingdom
14514.0,United Kingdom
14004.0,United Kingdom
17362.0,United Kingdom
14818.0,United Kingdom
13101.0,United Kingdom
17172.0,United Kingdom
16842.0,United Kingdom
14504.0,United Kingdom
17849.0,United Kingdom
14177.0,United Kingdom
13000.0,United Kingdom
14513.0,United Kingdom
18040.0,United Kingdom
13212.0,United Kingdom
17255.0,United Kingdom
15826.0,United Kingdom
13299.0,United Kingdom
14673.0,United Kingdom
13139.0,United Kingdom
15329.0,United Kingdom
15235.0,United Kingdom
13890.0,United Kingdom
16593.0,United Kingdom
17603.0,United Kingdom
14834.0,United Kingdom
17360.0,United Kingdom
17470.0,United Kingdom
13587.0,United Kingdom
17974.0,United Kingdom
18228.0,United Kingdom
14179.0,United Kingdom
12991.0,United Kingdom
14978.0,United Kingdom
17852.0,United Kingdom
16969.0,United Kingdom
17460.0,United Kingdom
17426.0,United Kingdom
15364.0,United Kingdom
14110.0,United Kingdom
18096.0,United Kingdom
16327.0,United Kingdom
13136.0,United Kingdom
14817.0,United Kingdom
17772.0,United Kingdom
14954.0,United Kingdom
16804.0,United Kingdom
16693.0,United Kingdom
14162.0,United Kingdom
13447.0,United Kingdom
18235.0,United Kingdom
12510.0,Spain
17075.0,United Kingdom
13657.0,United Kingdom
14031.0,United Kingdom
16669.0,United Kingdom
12423.0,Belgium
13048.0,United Kingdom
15057.0,United Kingdom
16652.0,United Kingdom
14529.0,United Kingdom
16419.0,United Kingdom
16884.0,United Kingdom
13301.0,United Kingdom
16971.0,United Kingdom
16016.0,United Kingdom
13483.0,United Kingdom
12502.0,Spain
17491.0,United Kingdom
17472.0,United Kingdom
12463.0,Belgium
14657.0,United Kingdom
17069.0,United Kingdom
15589.0,United Kingdom
12963.0,United Kingdom
12552.0,Italy
18171.0,United Kingdom
16315.0,United Kingdom
16624.0,United Kingdom
18136.0,United Kingdom
12637.0,France
14093.0,United Kingdom
16674.0,United Kingdom
15674.0,United Kingdom
16031.0,United Kingdom
15184.0,United Kingdom
17906.0,United Kingdom
18108.0,United Kingdom
16014.0,United Kingdom
14586.0,United Kingdom
16428.0,United Kingdom
16147.0,United Kingdom
12558.0,USA
15019.0,United Kingdom
17284.0,United Kingdom
13356.0,United Kingdom
16807.0,United Kingdom
14592.0,United Kingdom
16770.0,United Kingdom
14507.0,United Kingdom
13066.0,United Kingdom
15632.0,United Kingdom
13343.0,United Kingdom
15128.0,United Kingdom
14966.0,United Kingdom
13930.0,United Kingdom
13534.0,United Kingdom
14219.0,United Kingdom
12384.0,Switzerland
13895.0,United Kingdom
12578.0,Italy
17904.0,United Kingdom
13055.0,United Kingdom
17624.0,United Kingdom
13397.0,United Kingdom
17571.0,United Kingdom
12644.0,Germany
12695.0,France
12371.0,Switzerland
14716.0,United Kingdom
17636.0,United Kingdom
15372.0,United Kingdom
15411.0,United Kingdom
16672.0,United Kingdom
16768.0,United Kingdom
12507.0,Spain
13305.0,United Kingdom
18265.0,United Kingdom
12856.0,United Kingdom
14952.0,United Kingdom
16945.0,United Kingdom
16780.0,United Kingdom
13134.0,United Kingdom
12718.0,France
12722.0,France
15831.0,United Kingdom
16730.0,United Kingdom
12550.0,Spain
12750.0,Poland
17760.0,United Kingdom
15125.0,United Kingdom
15105.0,United Kingdom
14015.0,United Kingdom
17324.0,United Kingdom
16065.0,United Kingdom
12413.0,France
17569.0,United Kingdom
16523.0,United Kingdom
15584.0,United Kingdom
17685.0,United Kingdom
15049.0,United Kingdom
14037.0,United Kingdom
17297.0,United Kingdom
16086.0,United Kingdom
16668.0,United Kingdom
12585.0,Germany
15410.0,United Kingdom
15503.0,United Kingdom
14147.0,United Kingdom
15349.0,United Kingdom
13520.0,Switzerland
18082.0,United Kingdom
13532.0,United Kingdom
18242.0,United Kingdom
13730.0,United Kingdom
17618.0,United Kingdom
13539.0,United Kingdom
16511.0,United Kingdom
13883.0,United Kingdom
14331.0,United Kingdom
15626.0,United Kingdom
14923.0,United Kingdom
13220.0,United Kingdom
14232.0,United Kingdom
17914.0,United Kingdom
16619.0,United Kingdom
15671.0,United Kingdom
14129.0,United Kingdom
16817.0,United Kingdom
16292.0,United Kingdom
17764.0,United Kingdom
14309.0,United Kingdom
14921.0,United Kingdom
16229.0,United Kingdom
15599.0,United Kingdom
13667.0,United Kingdom
12821.0,United Kingdom
16823.0,United Kingdom
16050.0,United Kingdom
15602.0,United Kingdom
13460.0,United Kingdom
15727.0,United Kingdom
17234.0,United Kingdom
14290.0,United Kingdom
17768.0,United Kingdom
13013.0,United Kingdom
14420.0,United Kingdom
14062.0,United Kingdom
12950.0,United Kingdom
12494.0,France
17159.0,United Kingdom
16010.0,United Kingdom
14869.0,United Kingdom
12483.0,Sweden
14102.0,United Kingdom
13093.0,United Kingdom
16184.0,United Kingdom
14761.0,United Kingdom
17979.0,United Kingdom
14600.0,United Kingdom
14360.0,United Kingdom
15258.0,United Kingdom
13167.0,United Kingdom
13116.0,United Kingdom
16633.0,United Kingdom
16236.0,United Kingdom
17795.0,United Kingdom
16992.0,United Kingdom
16141.0,United Kingdom
16833.0,United Kingdom
14794.0,United Kingdom
16957.0,United Kingdom
15932.0,United Kingdom
16225.0,United Kingdom
14436.0,United Kingdom
14963.0,United Kingdom
13184.0,United Kingdom
15522.0,United Kingdom
13954.0,United Kingdom
13635.0,United Kingdom
17213.0,United Kingdom
13519.0,United Kingdom
16800.0,United Kingdom
17555.0,United Kingdom
15651.0,United Kingdom
17514.0,United Kingdom
16531.0,United Kingdom
13309.0,United Kingdom
12919.0,United Kingdom
17582.0,United Kingdom
13960.0,United Kingdom
18229.0,United Kingdom
13416.0,United Kingdom
14320.0,United Kingdom
12970.0,United Kingdom
14631.0,United Kingdom
15745.0,United Kingdom
12845.0,United Kingdom
17357.0,United Kingdom
16003.0,United Kingdom
13720.0,United Kingdom
17383.0,United Kingdom
15238.0,United Kingdom
16258.0,United Kingdom
14209.0,United Kingdom
12935.0,United Kingdom
15983.0,United Kingdom
15799.0,United Kingdom
18211.0,United Kingdom
18079.0,United Kingdom
13632.0,United Kingdom
16392.0,United Kingdom
14012.0,United Kingdom
16583.0,United Kingdom
14920.0,United Kingdom
13908.0,United Kingdom
14359.0,United Kingdom
16361.0,United Kingdom
17997.0,United Kingdom
14224.0,United Kingdom
16038.0,United Kingdom
14214.0,United Kingdom
12527.0,Germany
15810.0,United Kingdom
13666.0,United Kingdom
14873.0,United Kingdom
12828.0,United Kingdom
16244.0,United Kingdom
17034.0,United Kingdom
12839.0,United Kingdom
16861.0,United Kingdom
18036.0,United Kingdom
16179.0,United Kingdom
17913.0,United Kingdom
13808.0,United Kingdom
16175.0,United Kingdom
12435.0,Denmark
15827.0,United Kingdom
16899.0,United Kingdom
16642.0,United Kingdom
13626.0,United Kingdom
17179.0,United Kingdom
14288.0,United Kingdom
15075.0,United Kingdom
16665.0,United Kingdom
12735.0,France
12674.0,France
12904.0,United Kingdom
13292.0,United Kingdom
13870.0,United Kingdom
15904.0,United Kingdom
13862.0,United Kingdom
17128.0,United Kingdom
12616.0,France
13285.0,United Kingdom
16024.0,United Kingdom
16253.0,United Kingdom
18123.0,United Kingdom
13932.0,United Kingdom
14854.0,United Kingdom
15484.0,United Kingdom
15530.0,United Kingdom
15808.0,United Kingdom
16376.0,United Kingdom
16546.0,United Kingdom
16535.0,United Kingdom
15326.0,United Kingdom
18129.0,United Kingdom
12962.0,United Kingdom
15605.0,United Kingdom
17722.0,United Kingdom
17293.0,United Kingdom
13422.0,United Kingdom
12981.0,United Kingdom
17597.0,United Kingdom
12719.0,France
15774.0,United Kingdom
14335.0,Germany
15888.0,United Kingdom
16261.0,United Kingdom
16126.0,United Kingdom
12480.0,Germany
17302.0,United Kingdom
13428.0,United Kingdom
13600.0,United Kingdom
15834.0,United Kingdom
17666.0,United Kingdom
14259.0,United Kingdom
15269.0,United Kingdom
16469.0,United Kingdom
15540.0,United Kingdom
17908.0,United Kingdom
15344.0,United Kingdom
13627.0,United Kingdom
14261.0,United Kingdom
12465.0,Belgium
16887.0,United Kingdom
15894.0,United Kingdom
14883.0,United Kingdom
17631.0,United Kingdom
15120.0,United Kingdom
13831.0,United Kingdom
16023.0,United Kingdom
16828.0,United Kingdom
13659.0,United Kingdom
15549.0,United Kingdom
16900.0,United Kingdom
16362.0,United Kingdom
15917.0,United Kingdom
16938.0,United Kingdom
18226.0,United Kingdom
16221.0,United Kingdom
12518.0,Germany
17222.0,United Kingdom
14352.0,United Kingdom
12516.0,Germany
15092.0,United Kingdom
17646.0,United Kingdom
17024.0,United Kingdom
17226.0,United Kingdom
13316.0,United Kingdom
12809.0,Portugal
12504.0,Germany
14756.0,United Kingdom
18183.0,United Kingdom
15394.0,United Kingdom
13799.0,United Kingdom
16950.0,United Kingdom
13873.0,United Kingdom
