product_id,product_name,price
22794,SWEETHEART WIRE MAGAZINE RACK,7.95
21731,RED TOADSTOOL LED NIGHT LIGHT,1.65
22357,KINGS CHOICE BISCUIT TIN,4.25
22992,REVOLVER WOODEN RULER ,1.95
C2,CARRIAGE,50.0
22722,SET OF 6 SPICE TINS PANTRY DESIGN,3.95
21807,WHITE CHRISTMAS STAR DECORATION,0.42
22556,PLASTERS IN TIN CIRCUS PARADE ,1.65
22667,RECIPE BOX RETROSPOT ,2.95
21745,GAOLERS KEYS DECORATIVE GARDEN ,3.75
21014,SWISS CHALET TREE DECORATION ,0.29
23553,LANDMARK FRAME CAMDEN TOWN ,12.5
23169,CLASSIC GLASS COOKIE JAR,4.15
84576,BLUE CAT BISCUIT BARREL PINK HEART,1.95
22501,PICNIC BASKET WICKER LARGE,9.95
22364,GLASS JAR DIGESTIVE BISCUITS,2.95
23255,CHILDRENS CUTLERY CIRCUS PARADE,4.15
21754,HOME BUILDING BLOCK WORD,6.25
22456,NATURAL SLATE CHALKBOARD LARGE ,4.95
22099,CARAVAN SQUARE TISSUE BOX,0.39
23402,HOME SWEET HOME 3 PEG HANGER ,3.75
22417,PACK OF 60 SPACEBOY CAKE CASES,0.55
23209,LUNCH BAG DOILEY PATTERN ,1.65
20752,BLUE POLKADOT WASHING UP GLOVES,2.1
22487,WHITE WOOD GARDEN PLANT LADDER,9.95
22260,FELT EGG COSY BLUE RABBIT ,0.85
22865,HAND WARMER OWL DESIGN,2.1
23242,TREASURE TIN BUFFALO BILL ,2.08
21166,COOK WITH WINE METAL SIGN ,1.85
79030D,TUMBLER BAROQUE,0.39
23046,PAPER LANTERN 9 POINT DELUXE STAR,6.65
23112,PARISIENNE CURIO CABINET,7.5
21086,SET/6 RED SPOTTY PAPER CUPS,0.65
85032C,CURIOUS IMAGES GIFT WRAP SET,0.65
21878,PACK OF 6 SANDCASTLE FLAGS ASSORTED,0.85
85015,SET OF 12  VINTAGE POSTCARD SET,0.65
21518,BANK ACCOUNT  GREETING  CARD ,0.42
21080,SET/20 RED RETROSPOT PAPER NAPKINS ,0.85
22423,REGENCY CAKESTAND 3 TIER,12.75
22661,CHARLOTTE BAG DOLLY GIRL DESIGN,0.85
23355,HOT WATER BOTTLE KEEP CALM,4.95
84978,HANGING HEART JAR T-LIGHT HOLDER,1.06
23220,REINDEER HEART DECORATION GOLD,0.83
20754,RETROSPOT RED WASHING UP GLOVES,2.1
48187,DOORMAT NEW ENGLAND,8.25
20974,12 PENCILS SMALL TUBE SKULL,0.65
22199,FRYING PAN RED RETROSPOT,4.25
23114,VINTAGE LEAF CHOPPING BOARD  ,4.95
22621,TRADITIONAL KNITTING NANCY,1.45
22326,ROUND SNACK BOXES SET OF4 WOODLAND ,2.95
21530,DAIRY MAID TOASTRACK,0.79
23031,DRAWER KNOB CRACKLE GLAZE PINK,1.65
84077,WORLD WAR 2 GLIDERS ASSTD DESIGNS,0.29
22469,HEART OF WICKER SMALL,1.63
23321,SMALL WHITE HEART OF WICKER,1.65
21430,SET/3 RED GINGHAM ROSE STORAGE BOX,3.75
22659,LUNCH BOX I LOVE LONDON,1.65
23196,VINTAGE LEAF MAGNETIC NOTEPAD,1.45
23245,SET OF 3 REGENCY CAKE TINS,4.95
23173,REGENCY TEAPOT ROSES ,9.95
22469,HEART OF WICKER SMALL,1.65
22400,MAGNETS PACK OF 4 HOME SWEET HOME,0.39
22147,FELTCRAFT BUTTERFLY HEARTS,1.45
22834,HAND WARMER BABUSHKA DESIGN,0.85
21877,HOME SWEET HOME MUG,1.25
23231,WRAP  VINTAGE DOILY ,0.42
20723,STRAWBERRY CHARLOTTE BAG,0.85
23469,CARD HOLDER LOVE BIRD SMALL,4.15
21063,PARTY INVITES JAZZ HEARTS,0.85
21868,POTTING SHED TEA MUG,1.25
21213,PACK OF 72 SKULL CAKE CASES,0.55
22721,SET OF 3 CAKE TINS SKETCHBOOK,4.95
84536A,ENGLISH ROSE NOTEBOOK A7 SIZE,0.42
22972,CHILDREN'S SPACEBOY MUG,1.65
71459,HANGING JAM JAR T-LIGHT HOLDER,0.85
23099,FRENCH CARRIAGE LANTERN,6.65
84879,ASSORTED COLOUR BIRD ORNAMENT,1.69
20702,PINK PADDED MOBILE,4.25
22269,EGG CUP NATURAL CHICKEN,1.25
21564,PINK  HEART SHAPE LOVE BUCKET ,2.95
23569,TRADTIONAL ALPHABET STAMP SET,4.95
22918,HERB MARKER PARSLEY,0.65
21930,JUMBO STORAGE BAG SKULLS,2.08
22925,BLUE GIANT GARDEN THERMOMETER,5.95
21136,PAINTED METAL PEARS ASSORTED,1.69
22091,EMPIRE TISSUE BOX,0.39
84947,ANTIQUE SILVER TEA GLASS ENGRAVED,1.25
23103,JINGLE BELL HEART DECORATION,1.65
23405,HOME SWEET HOME 2 DRAWER CABINET,4.95
84978,HANGING HEART JAR T-LIGHT HOLDER,1.25
20685,DOORMAT RED RETROSPOT,7.08
21820,GLITTER HEART GARLAND WITH BELLS ,3.75
21922,UNION STRIPE WITH FRINGE  HAMMOCK,7.95
20992,JAZZ HEARTS PURSE NOTEBOOK,0.85
21484,CHICK GREY HOT WATER BOTTLE,4.25
22681,FRENCH BLUE METAL DOOR SIGN 6,1.25
21098,CHRISTMAS TOILET ROLL,1.25
23543,WALL ART KEEP CALM ,8.25
21581,SKULLS  DESIGN  COTTON TOTE BAG,2.25
22752,SET 7 BABUSHKA NESTING BOXES,8.5
21682,LARGE MEDINA STAMPED METAL BOWL ,4.95
POST,POSTAGE,40.0
84915,HAND TOWEL PINK FLOWER AND DAISY,5.95
20886,BOX OF 9 PEBBLE CANDLES,1.95
22969,HOMEMADE JAM SCENTED CANDLES,1.45
22981,PANTRY APPLE CORER,1.45
23050,RECYCLED ACAPULCO MAT GREEN,8.25
22072,RED RETROSPOT TEA CUP AND SAUCER ,1.25
23397,FOOT STOOL HOME SWEET HOME ,9.95
22371,AIRLINE BAG VINTAGE TOKYO 78,4.25
84970S,HANGING HEART ZINC T-LIGHT HOLDER,0.85
84596B,SMALL DOLLY MIX DESIGN ORANGE BOWL,0.42
85032A,ROMANTIC IMAGES GIFT WRAP SET,0.65
23338,EGG FRYING PAN RED ,2.08
22993,SET OF 4 PANTRY JELLY MOULDS,1.25
85114A,BLACK ENCHANTED FOREST PLACEMAT,1.65
22938,CUPCAKE LACE PAPER SET 6,1.95
22867,HAND WARMER BIRD DESIGN,2.1
23423,PANTRY 3 HOOK ROLLING PIN HANGER,3.75
22123,PING MICROWAVE APRON,1.95
22838,3 TIER CAKE TIN RED AND CREAM,14.95
22139,RETROSPOT TEA SET CERAMIC 11 PC ,4.95
23320,GIANT 50'S CHRISTMAS CRACKER,2.89
84988,SET OF 72 PINK HEART PAPER DOILIES,1.45
22059,CERAMIC STRAWBERRY DESIGN MUG,1.49
22951,60 CAKE CASES DOLLY GIRL DESIGN,1.25
22922,FRIDGE MAGNETS US DINER ASSORTED,0.85
22807,SET OF 6 T-LIGHTS TOADSTOOLS,2.95
84817,DANISH ROSE DECORATIVE PLATE,0.42
35241,ENAMEL BLUE RIM BISCUIT BIN,4.95
22633,HAND WARMER UNION JACK,2.1
23301,GARDENERS KNEELING PAD KEEP CALM ,1.65
20725,LUNCH BAG RED RETROSPOT,1.65
23250,VINTAGE RED TRIM ENAMEL BOWL ,1.25
22505,MEMO BOARD COTTAGE DESIGN,4.95
23167,SMALL CERAMIC TOP STORAGE JAR ,0.83
85099B,JUMBO BAG RED RETROSPOT,2.08
22310,IVORY KNITTED MUG COSY ,1.45
72741,GRAND CHOCOLATECANDLE,1.45
23424,GINGHAM RECIPE BOOK BOX,4.95
23005,TRAVEL CARD WALLET I LOVE LONDON,0.42
22743,MAKE YOUR OWN FLOWERPOWER CARD KIT,2.95
15056P,EDWARDIAN PARASOL PINK,5.95
22991,GIRAFFE WOODEN RULER,1.95
22737,RIBBON REEL CHRISTMAS PRESENT ,1.65
21240,BLUE POLKADOT CUP,0.85
22534,MAGIC DRAWING SLATE SPACEBOY ,0.42
21916,SET 12 RETRO WHITE CHALK STICKS,0.42
23174,REGENCY SUGAR BOWL GREEN,4.15
23356,LOVE HOT WATER BOTTLE,5.95
22931,BAKING MOULD HEART WHITE CHOCOLATE,2.55
21982,PACK OF 12 SUKI TISSUES ,0.39
22796,PHOTO FRAME 3 CLASSIC HANGING,9.95
22624,IVORY KITCHEN SCALES,8.5
21258,VICTORIAN SEWING BOX LARGE,12.75
21172,PARTY METAL SIGN ,1.45
22470,HEART OF WICKER LARGE,2.95
23012,GLASS APOTHECARY BOTTLE PERFUME,3.95
22679,FRENCH BLUE METAL DOOR SIGN 4,1.25
22513,DOORSTOP FOOTBALL DESIGN,3.75
22920,HERB MARKER BASIL,0.65
22088,PAPER BUNTING COLOURED LACE,2.55
23511,EMBROIDERED RIBBON REEL EMILY ,2.08
21213,PACK OF 72 SKULL CAKE CASES,0.42
22596,CHRISTMAS STAR WISH LIST CHALKBOARD,1.25
20726,LUNCH BAG WOODLAND,1.65
21790,VINTAGE SNAP CARDS,1.63
22744,MAKE YOUR OWN MONSOON CARD KIT,2.95
22711,WRAP CIRCUS PARADE,0.42
84347,ROTATING SILVER ANGELS T-LIGHT HLDR,2.55
21733,RED HANGING HEART T-LIGHT HOLDER,2.55
47566,PARTY BUNTING,4.95
84945,MULTI COLOUR SILVER T-LIGHT HOLDER,0.85
23146,TRIPLE HOOK ANTIQUE IVORY ROSE,3.29
20727,LUNCH BAG  BLACK SKULL.,1.65
21500,PINK POLKADOT WRAP ,0.42
21733,RED HANGING HEART T-LIGHT HOLDER,2.95
21124,SET/10 BLUE POLKADOT PARTY CANDLES,1.25
23204,CHARLOTTE BAG APPLES DESIGN,0.85
21212,PACK OF 72 RETROSPOT CAKE CASES,0.55
84971S,SMALL HEART FLOWERS HOOK ,0.85
21370,MIRRORED WALL ART FOXY,12.46
20704,MR ROBOT SOFT TOY,1.95
22029,SPACEBOY BIRTHDAY CARD,0.42
21428,SET3 BOOK BOX GREEN GINGHAM FLOWER ,4.25
82581,TOILET METAL SIGN,0.55
22622,BOX OF VINTAGE ALPHABET BLOCKS,8.5
21621,VINTAGE UNION JACK BUNTING,8.5
21915,RED  HARMONICA IN BOX ,1.25
22210,WOOD STAMP SET BEST WISHES,0.83
22493,PAINT YOUR OWN CANVAS SET,1.65
22219,LOVEBIRD HANGING DECORATION WHITE ,0.85
23330,DECORATIVE WICKER HEART MEDIUM,1.25
22533,MAGIC DRAWING SLATE BAKE A CAKE ,0.42
22411,JUMBO SHOPPER VINTAGE RED PAISLEY,2.08
40001,WHITE BAMBOO RIBS LAMPSHADE,0.85
21400,RED PUDDING SPOON,0.12
22614,PACK OF 12 SPACEBOY TISSUES,0.39
22507,MEMO BOARD RETROSPOT  DESIGN,4.95
21843,RED RETROSPOT CAKE STAND,10.95
84380,SET OF 3 BUTTERFLY COOKIE CUTTERS,1.25
21484,CHICK GREY HOT WATER BOTTLE,3.45
23126,FELTCRAFT GIRL AMELIE KIT,4.95
21901,"KEY FOB , BACK DOOR ",0.65
22429,ENAMEL MEASURING JUG CREAM,4.25
22697,GREEN REGENCY TEACUP AND SAUCER,2.95
16169E,WRAP 50'S  CHRISTMAS,0.42
23343,JUMBO BAG VINTAGE CHRISTMAS ,2.08
22431,WATERING CAN BLUE ELEPHANT,1.95
22780,LIGHT GARLAND BUTTERFILES PINK,4.25
22050,PINK PAISLEY ROSE GIFT WRAP,0.42
23412,HEART MIRROR ANTIQUE WHITE,7.5
21871,SAVE THE PLANET MUG,1.25
22171,3 HOOK PHOTO SHELF ANTIQUE WHITE,5.88
84974,S/2 ZINC HEART DESIGN PLANTERS,9.95
22776,SWEETHEART CAKESTAND 3 TIER,9.95
22726,ALARM CLOCK BAKELIKE GREEN,3.75
20878,SET/9 CHRISTMAS T-LIGHTS SCENTED ,1.25
84970L,SINGLE HEART ZINC T-LIGHT HOLDER,0.95
23055,IVORY CHANDELIER T-LIGHT HOLDER,5.39
84580,MOUSE TOY WITH PINK T-SHIRT,3.75
23206,LUNCH BAG APPLE DESIGN,1.65
84997A,GREEN 3 PIECE POLKADOT CUTLERY SET,3.75
22522,CHILDS GARDEN FORK BLUE ,0.85
23118,PARISIENNE JEWELLERY DRAWER ,7.5
22662,LUNCH BAG DOLLY GIRL DESIGN,1.65
22877,NUMBER TILE COTTAGE GARDEN 9,1.95
23280,FOLDING BUTTERFLY MIRROR HOT PINK ,0.83
37489A,YELLOW/PINK FLOWER DESIGN BIG MUG,0.39
22912,YELLOW COAT RACK PARIS FASHION,4.95
23129,HEART SHAPED HOLLY WREATH,4.15
20668,DISCO BALL CHRISTMAS DECORATION,0.12
21894,POTTING SHED SEED ENVELOPES,1.25
22339,CHRISTMAS TREE PAINTED ZINC ,0.19
22749,FELTCRAFT PRINCESS CHARLOTTE DOLL,3.75
22384,LUNCH BAG PINK POLKADOT,1.65
21125,SET 6 FOOTBALL CELEBRATION CANDLES,1.25
22899,CHILDREN'S APRON DOLLY GIRL ,2.1
84313C,ORANGE TV TRAY TABLE ,1.95
23350,ROLL WRAP VINTAGE SPOT ,1.25
85049E,SCANDINAVIAN REDS RIBBONS,1.25
23233,WRAP POPPIES  DESIGN,0.42
23152,IVORY SWEETHEART WIRE LETTER RACK ,3.75
21539,RED RETROSPOT BUTTER DISH,4.95
23029,DRAWER KNOB CRACKLE GLAZE GREEN,1.65
82483,WOOD 2 DRAWER CABINET WHITE FINISH,6.95
23007, SPACEBOY BABY GIFT SET,16.95
23084,RABBIT NIGHT LIGHT,2.08
21533,RETROSPOT LARGE MILK JUG,4.95
22158,3 HEARTS HANGING DECORATION RUSTIC,2.95
22588,CARD HOLDER GINGHAM HEART,2.89
22383,LUNCH BAG SUKI DESIGN ,1.65
22673,FRENCH GARDEN SIGN BLUE METAL,1.25
21844,RED RETROSPOT MUG,2.55
21385,IVORY HANGING DECORATION  HEART,0.85
22481,BLACK TEA TOWEL CLASSIC DESIGN,1.25
22809,SET OF 6 T-LIGHTS SANTA,2.95
21588,RETROSPOT GIANT TUBE MATCHES,2.55
21828,EIGHT PIECE SNAKE  SET,1.25
22382,LUNCH BAG SPACEBOY DESIGN ,1.65
22613,PACK OF 20 SPACEBOY NAPKINS,0.85
21936,RED RETROSPOT PICNIC BAG,2.95
21721,CANDY SHOP  STICKER SHEET,0.85
22623,BOX OF VINTAGE JIGSAW BLOCKS ,5.95
21194,PINK  HONEYCOMB PAPER FAN,0.65
21243,PINK  POLKADOT PLATE ,1.69
22119,PEACE WOODEN BLOCK LETTERS,6.95
23307,SET OF 60 PANTRY DESIGN CAKE CASES ,0.55
21990,MODERN FLORAL STATIONERY SET,1.25
22243,5 HOOK HANGER RED MAGIC TOADSTOOL,1.65
22745,POPPY'S PLAYHOUSE BEDROOM ,2.1
85231G,ORANGE SCENTED SET/9 T-LIGHTS,0.85
22977,DOLLY GIRL CHILDRENS EGG CUP,1.25
23189,SET OF 12 FORK CANDLES,2.89
21471,STRAWBERRY RAFFIA FOOD COVER,3.75
23082,SET 6 PAPER TABLE LANTERN HEARTS ,3.75
23328,SET 6 SCHOOL MILK BOTTLES IN CRATE,3.75
22333,RETROSPOT PARTY BAG + STICKER SET,1.45
18007,ESSENTIAL BALM 3.5g TIN IN ENVELOPE,0.06
23266,SET OF 3 WOODEN STOCKING DECORATION,1.25
22740,POLKADOT PEN,0.85
22752,SET 7 BABUSHKA NESTING BOXES,7.65
22150,3 STRIPEY MICE FELTCRAFT,1.95
22089,PAPER BUNTING VINTAGE PAISLEY,2.95
22555,PLASTERS IN TIN STRONGMAN,1.65
20978,36 PENCILS TUBE SKULLS,1.25
22960,JAM MAKING SET WITH JARS,3.75
21625,VINTAGE UNION JACK APRON,6.95
21390,FILIGRIS HEART WITH BUTTERFLY,1.25
22493,PAINT YOUR OWN CANVAS SET,1.45
23057,BEADED CHANDELIER T-LIGHT HOLDER,1.0
47594A,CAROUSEL DESIGN WASHBAG,1.95
23445,ICE CREAM BUBBLES,0.83
22560,TRADITIONAL MODELLING CLAY,1.25
21912,VINTAGE SNAKES & LADDERS,3.75
47566B,TEA TIME PARTY BUNTING,4.95
22090,PAPER BUNTING RETROSPOT,2.95
23026,DRAWER KNOB VINTAGE GLASS STAR,2.08
22718,CARD CAT AND TREE ,0.42
23170,REGENCY TEA PLATE ROSES ,1.65
22355,CHARLOTTE BAG SUKI DESIGN,0.72
22905,CALENDAR IN SEASON DESIGN,1.25
23087,ZINC  HEART T-LIGHT HOLDER,1.25
POST,POSTAGE,18.0
48184,DOORMAT ENGLISH ROSE ,8.25
22301,COFFEE MUG CAT + BIRD DESIGN,2.55
21989,PACK OF 20 SKULL PAPER NAPKINS,0.85
23120,PACK OF 6 SMALL FRUIT STRAWS,0.42
21165,BEWARE OF THE CAT METAL SIGN ,1.69
22367,CHILDRENS APRON SPACEBOY DESIGN,1.95
85111,SILVER GLITTER FLOWER VOTIVE HOLDER,0.29
23239,SET OF 4 KNICK KNACK TINS POPPIES,4.15
22855,FINE WICKER HEART ,1.25
22545,MINI JIGSAW BUNNIES,0.19
22539,MINI JIGSAW DOLLY GIRL,0.42
85049D,BRIGHT BLUES RIBBONS ,1.25
21917,SET 12 KIDS  WHITE CHALK STICKS,0.42
22452,MEASURING TAPE BABUSHKA PINK,2.95
82582,AREA PATROLLED METAL SIGN,2.1
21326,AGED GLASS SILVER T-LIGHT HOLDER,0.65
23052,RECYCLED ACAPULCO MAT TURQUOISE,8.25
20914,SET/5 RED RETROSPOT LID GLASS BOWLS,2.55
20718,RED RETROSPOT SHOPPER BAG,1.25
22854,CREAM SWEETHEART EGG HOLDER,4.95
22338,STAR DECORATION PAINTED ZINC ,0.19
22952,60 CAKE CASES VINTAGE CHRISTMAS,0.55
22666,RECIPE BOX PANTRY YELLOW DESIGN,2.95
84595E,LARGE TORTILLA DESIGN RED BOWL,1.65
22987,WRAP SUMMER ROSE DESIGN,0.42
23301,GARDENERS KNEELING PAD KEEP CALM ,1.45
22185,SLATE TILE NATURAL HANGING,1.65
23203,JUMBO BAG VINTAGE DOILY ,2.08
23221,REINDEER HEART DECORATION SILVER,1.63
22714,CARD BIRTHDAY COWBOY,0.42
23130,MISTLETOE HEART WREATH GREEN,4.15
20728,LUNCH BAG CARS BLUE,1.65
22197,POPCORN HOLDER,0.85
22725,ALARM CLOCK BAKELIKE CHOCOLATE,3.75
20794,BLUE  TILE HOOK,2.55
82600,NO SINGING METAL SIGN,2.1
22362,GLASS JAR PEACOCK BATH SALTS,2.95
22197,POPCORN HOLDER,0.72
23170,REGENCY TEA PLATE ROSES ,1.45
84596F,SMALL MARSHMALLOWS PINK BOWL,0.42
84247G,"DECOUPAGE,GREETING CARD,",0.42
22149,FELTCRAFT 6 FLOWER FRIENDS,2.1
85123A,WHITE HANGING HEART T-LIGHT HOLDER,2.95
22865,HAND WARMER OWL DESIGN,1.85
48138,DOORMAT UNION FLAG,7.95
22627,MINT KITCHEN SCALES,8.5
23508,MINI PLAYING CARDS DOLLY GIRL ,0.42
22772,PINK DRAWER KNOB ACRYLIC EDWARDIAN,1.25
22720,SET OF 3 CAKE TINS PANTRY DESIGN ,4.95
22074,6 RIBBONS SHIMMERING PINKS ,0.39
21563,RED HEART SHAPE LOVE BUCKET ,2.95
22766,PHOTO FRAME CORNICE,2.95
22083,PAPER CHAIN KIT RETROSPOT,2.95
22699,ROSES REGENCY TEACUP AND SAUCER ,2.55
85231B,CINAMMON SET OF 9 T-LIGHTS,0.85
22203,MILK PAN RED RETROSPOT,3.75
22645,CERAMIC HEART FAIRY CAKE MONEY BANK,1.45
23197,SKETCHBOOK MAGNETIC SHOPPING LIST,1.45
22439,6 ROCKET BALLOONS ,0.65
21644,ASSORTED TUTTI FRUTTI HEART BOX,1.25
21786,POLKADOT RAIN HAT ,0.42
84929,ASSTD FRUIT+FLOWERS FRIDGE MAGNETS,0.19
47420,ASSORTED COLOUR SUCTION CUP HOOK,0.19
82551,LAUNDRY 15C METAL SIGN,1.45
23234,BISCUIT TIN VINTAGE CHRISTMAS,2.89
22581,WOOD STOCKING CHRISTMAS SCANDISPOT,0.29
21983,PACK OF 12 BLUE PAISLEY TISSUES ,0.29
22413,METAL SIGN TAKE IT OR LEAVE IT ,2.95
20675,BLUE POLKADOT BOWL,1.25
23201,JUMBO BAG ALPHABET,1.79
22916,HERB MARKER THYME,0.65
84931A,PINK SCOTTIE DOG W FLOWER PATTERN,2.55
48111,DOORMAT 3 SMILEY CATS,7.95
23207,LUNCH BAG ALPHABET DESIGN,1.65
22746,POPPY'S PLAYHOUSE LIVINGROOM ,2.1
23344,JUMBO BAG 50'S CHRISTMAS ,2.08
22198,LARGE POPCORN HOLDER ,1.65
23163,REGENCY SUGAR TONGS,2.08
23088,ZINC HEART FLOWER T-LIGHT HOLDER,1.25
23298,SPOTTY BUNTING,4.95
22086,PAPER CHAIN KIT 50'S CHRISTMAS ,2.95
22896,PEG BAG APPLES DESIGN,2.55
15036,ASSORTED COLOURS SILK FAN,0.83
21975,PACK OF 60 DINOSAUR CAKE CASES,0.55
22096,PINK PAISLEY SQUARE TISSUE BOX ,0.39
22333,RETROSPOT PARTY BAG + STICKER SET,1.65
20750,RED RETROSPOT MINI CASES,6.35
21467,CHERRY CROCHET FOOD COVER,3.75
23241,TREASURE TIN GYMKHANA DESIGN,2.08
20733,GOLD MINI TAPE MEASURE ,0.85
21257,VICTORIAN SEWING BOX MEDIUM,7.95
22273,FELTCRAFT DOLL MOLLY,2.95
21380,WOODEN HAPPY BIRTHDAY GARLAND,2.95
23206,LUNCH BAG APPLE DESIGN,1.45
22989,SET 2 PANTRY DESIGN TEA TOWELS,3.25
85049A,TRADITIONAL CHRISTMAS RIBBONS,1.25
22467,GUMBALL COAT RACK,2.55
84029E,RED WOOLLY HOTTIE WHITE HEART.,4.25
22082,RIBBON REEL STRIPES DESIGN ,1.65
21329,DINOSAURS  WRITING SET ,1.65
20755,BLUE PAISLEY POCKET BOOK,0.85
82583,HOT BATHS METAL SIGN,1.85
21498,RED RETROSPOT WRAP ,0.42
21755,LOVE BUILDING BLOCK WORD,5.95
21912,VINTAGE SNAKES & LADDERS,7.46
22467,GUMBALL COAT RACK,2.1
22453,MEASURING TAPE BABUSHKA BLUE,2.95
21174,POTTERING IN THE SHED METAL SIGN,2.08
23158,SET OF 5 LUCKY CAT MAGNETS ,2.08
22951,60 CAKE CASES DOLLY GIRL DESIGN,0.55
20969,RED FLORAL FELTCRAFT SHOULDER BAG,3.39
84358,FLOOR LAMP SHADE WOOD BASE,9.95
21207,SKULL AND CROSSBONES  GARLAND ,1.65
23477,WOODLAND LARGE BLUE FELT HEART,1.25
16161U,WRAP SUKI AND FRIENDS,0.42
22457,NATURAL SLATE HEART CHALKBOARD ,2.95
47574A,ENGLISH ROSE SCENTED HANGING FLOWER,4.25
21411,GINGHAM HEART  DOORSTOP RED,4.25
22447,PIN CUSHION BABUSHKA BLUE,3.35
23294,SET OF 6 SNACK LOAF BAKING CASES,0.83
47599A,PINK PARTY BAGS,2.1
22982,PANTRY PASTRY BRUSH,1.25
21445,12 PINK ROSE PEG PLACE SETTINGS,1.25
21817,GLITTER CHRISTMAS TREE,0.39
22659,LUNCH BOX I LOVE LONDON,1.95
21137,BLACK RECORD COVER FRAME,3.39
22499,WOODEN UNION JACK BUNTING,5.95
84946,ANTIQUE SILVER TEA GLASS ETCHED,1.25
79321,CHILLI LIGHTS,5.75
85184C,SET 4 VALENTINE DECOUPAGE HEART BOX,5.79
22577,WOODEN HEART CHRISTMAS SCANDINAVIAN,0.29
21217,RED RETROSPOT ROUND CAKE TINS,9.95
23582,VINTAGE DOILY JUMBO BAG RED ,2.08
21905,MORE BUTTER METAL SIGN ,2.1
23096,PETIT TRAY CHIC,1.65
72760B,VINTAGE CREAM 3 BASKET CAKE STAND,9.95
21242,RED RETROSPOT PLATE ,1.69
22319,HAIRCLIPS FORTIES FABRIC ASSORTED,0.65
23092,LARGE ANTIQUE WHITE PHOTO FRAME,7.9
22728,ALARM CLOCK BAKELIKE PINK,3.75
23439,HAND WARMER RED LOVE HEART,2.1
35961,FOLKART ZINC HEART CHRISTMAS DEC,0.85
85054,FRENCH ENAMEL POT W LID,2.95
21535,RED RETROSPOT SMALL MILK JUG,2.55
23159,SET OF 5 PANCAKE DAY MAGNETS,2.08
22191,IVORY DINER WALL CLOCK,8.5
21705,BAG 500g SWIRLY MARBLES,1.65
23085,ANTIQUE SILVER BAUBLE LAMP  ,10.4
23382,BOX OF 6 CHRISTMAS CAKE DECORATIONS,3.75
21949,SET OF 6 STRAWBERRY CHOPSTICKS,1.25
23127,FELTCRAFT GIRL NICOLE KIT,4.95
22603,CHRISTMAS RETROSPOT TREE WOOD,0.85
85206B,PINK FELT EASTER EGG BASKET,1.65
23263,SET OF 3 WOODEN HEART DECORATIONS,1.25
22045,SPACEBOY GIFT WRAP,0.42
21314,SMALL GLASS HEART TRINKET POT,2.1
23247,BISCUIT TIN 50'S CHRISTMAS,2.89
22100,SKULLS SQUARE TISSUE BOX,0.39
22926,IVORY GIANT GARDEN THERMOMETER,5.95
20963,APPLE BATH SPONGE,1.25
22998,TRAVEL CARD WALLET KEEP CALM,0.42
21888,BINGO SET,3.75
23514,EMBROIDERED RIBBON REEL SALLY ,2.08
82482,WOODEN PICTURE FRAME WHITE FINISH,2.95
22129,PARTY CONES CANDY TREE DECORATION,0.85
84032A,CHARLIE+LOLA PINK HOT WATER BOTTLE,3.29
23188,VINTAGE  2 METER FOLDING RULER,1.65
84836,ZINC METAL HEART DECORATION,1.25
23328,SET 6 SCHOOL MILK BOTTLES IN CRATE,3.39
22274,FELTCRAFT DOLL EMILY,2.95
23309,SET OF 60 I LOVE LONDON CAKE CASES ,0.55
23008,DOLLY GIRL BABY GIFT SET,14.95
21465,PINK FLOWER CROCHET FOOD COVER,3.75
23503,PLAYING CARDS KEEP CALM & CARRY ON,1.25
22700,BLACK AND WHITE DOG BOWL,2.95
22144,CHRISTMAS CRAFT LITTLE FRIENDS,2.1
47480,HANGING PHOTO CLIP ROPE LADDER,1.65
20712,JUMBO BAG WOODLAND ANIMALS,2.08
23089,GLASS BON BON JAR,1.95
18097C,WHITE TALL PORCELAIN T-LIGHT HOLDER,2.55
23198,PANTRY MAGNETIC  SHOPPING LIST,1.45
22554,PLASTERS IN TIN WOODLAND ANIMALS,1.65
22537,MAGIC DRAWING SLATE DINOSAUR,0.42
22356,CHARLOTTE BAG PINK POLKADOT,0.85
22570,FELTCRAFT CUSHION RABBIT,3.75
21703,BAG 125g SWIRLY MARBLES,0.42
23283,DOORMAT VINTAGE LEAF,8.25
22693,GROW A FLYTRAP OR SUNFLOWER IN TIN,1.25
20992,JAZZ HEARTS PURSE NOTEBOOK,0.39
22562,MONSTERS STENCIL CRAFT,1.25
23151,ZINC SWEETHEART SOAP DISH,2.49
22860,EASTER TIN CHICKS PINK DAISY,1.65
23191,BUNDLE OF 3 RETRO EXERCISE BOOKS,1.65
23284,DOORMAT KEEP CALM AND COME IN,7.95
23373,VINTAGE CHRISTMAS PAPER GIFT BAG,0.82
23216,LAUREL HEART ANTIQUE GOLD,1.25
21876,POTTERING MUG,1.25
21108,FAIRY CAKE FLANNEL ASSORTED COLOUR,2.55
22630,DOLLY GIRL LUNCH BOX,1.95
23395,BELLE JARDINIERE CUSHION COVER,3.75
22281,EASTER TREE YELLOW BIRDS,5.95
21218,RED SPOTTY BISCUIT TIN,3.75
22303,COFFEE MUG APPLES DESIGN,2.55
21931,JUMBO STORAGE BAG SUKI,1.95
84946,ANTIQUE SILVER T-LIGHT GLASS,1.25
22813,PACK 3 BOXES BIRD PANNETONE ,1.95
22381,TOY TIDY PINK POLKADOT,2.1
48187,DOORMAT NEW ENGLAND,7.95
21880,RED RETROSPOT TAPE,0.65
21216,"SET 3 RETROSPOT TEA,COFFEE,SUGAR",4.25
82482,WOODEN PICTURE FRAME WHITE FINISH,2.55
23376,PACK OF 12 VINTAGE CHRISTMAS TISSUE,0.39
22422,TOOTHPASTE TUBE PEN,0.65
23530,WALL ART ONLY ONE PERSON ,4.95
23168,CLASSIC SUGAR DISPENSER,1.25
23091,ZINC HERB GARDEN CONTAINER,6.25
23360,SET 8 CANDLES VINTAGE DOILY,1.95
21891,TRADITIONAL WOODEN SKIPPING ROPE,1.45
22655,VINTAGE RED KITCHEN CABINET,125.0
22379,RECYCLING BAG RETROSPOT ,2.1
22567,20 DOLLY PEGS RETROSPOT,1.25
23433,HANGING QUILTED PATCHWORK APPLES,0.83
23196,RETRO LEAVES MAGNETIC NOTEPAD,1.45
23203,JUMBO BAG DOILEY PATTERNS,2.08
21669,BLUE STRIPE CERAMIC DRAWER KNOB,1.45
22432,WATERING CAN PINK BUNNY,1.95
21371,MIRRORED WALL ART POPPIES,0.75
85189,HANGING BUTTERFLY  EGG,0.85
22197,SMALL POPCORN HOLDER,0.85
47599B,BLUE PARTY BAGS ,2.1
85152,HAND OVER THE CHOCOLATE   SIGN ,2.1
22965,3 TRADITIONAl BISCUIT CUTTERS  SET,2.1
22328,ROUND SNACK BOXES SET OF 4 FRUITS ,2.95
21907,I'M ON HOLIDAY METAL SIGN,2.1
22955,36 FOIL STAR CAKE CASES ,2.1
22825,DECORATIVE PLANT POT WITH FRIEZE,7.95
82494L,WOODEN FRAME ANTIQUE WHITE ,2.95
84879,ASSORTED COLOUR BIRD ORNAMENT,1.45
23215,JINGLE BELL HEART ANTIQUE SILVER,2.08
20686,DOLLY MIXTURE CHILDREN'S UMBRELLA,3.25
23264,SET OF 3 WOODEN SLEIGH DECORATIONS,2.46
20711,JUMBO BAG TOYS ,2.08
21967,PACK OF 12 SKULL TISSUES,0.29
22909,SET OF 20 VINTAGE CHRISTMAS NAPKINS,0.85
22634,CHILDS BREAKFAST SET SPACEBOY ,9.95
22174,PHOTO CUBE,1.65
22283,6 EGG HOUSE PAINTED WOOD,7.95
23505,PLAYING CARDS I LOVE LONDON ,1.04
21981,PACK OF 12 WOODLAND TISSUES ,0.29
21211,SET OF 72 SKULL PAPER  DOILIES,1.45
90200B,BLACK SWEETHEART BRACELET,4.25
22910,PAPER CHAIN KIT VINTAGE CHRISTMAS,2.95
23491,VINTAGE JINGLE BELLS HEART,8.25
22141,CHRISTMAS CRAFT TREE TOP ANGEL,2.1
22111,SCOTTIE DOG HOT WATER BOTTLE,4.95
23353,6 GIFT TAGS VINTAGE CHRISTMAS ,0.83
85150,LADIES & GENTLEMEN METAL SIGN,2.55
22171,3 HOOK PHOTO SHELF ANTIQUE WHITE,8.5
23192,BUNDLE OF 3 ALPHABET EXERCISE BOOKS,1.65
21724,PANDA AND BUNNIES STICKER SHEET,0.85
22554,PLASTERS IN TIN WOODLAND ANIMALS,1.45
20618,QUEEN OF THE SKIES PASSPORT COVER ,2.1
20717,STRAWBERRY SHOPPER BAG,1.25
48194,DOORMAT HEARTS,8.25
22960,JAM MAKING SET WITH JARS,4.25
22921,HERB MARKER CHIVES ,0.65
23506,MINI PLAYING CARDS SPACEBOY ,0.42
23291,DOLLY GIRL CHILDRENS CUP,1.25
22080,RIBBON REEL POLKADOTS ,1.65
22084,PAPER CHAIN KIT EMPIRE,2.95
22605,WOODEN CROQUET GARDEN SET,12.75
23056,FLOWERS CHANDELIER T-LIGHT HOLDER,1.0
21056,DOCTOR'S BAG SOFT TOY,8.95
23176,ABC TREASURE BOOK BOX ,2.25
20867,PINK ROSE FABRIC MIRROR,1.25
22683,FRENCH BLUE METAL DOOR SIGN 8,1.25
22597,MUSICAL ZINC HEART DECORATION ,0.85
22994,TRAVEL CARD WALLET RETROSPOT,0.42
22180,RETROSPOT LAMP,9.95
22551,PLASTERS IN TIN SPACEBOY,1.65
22953,BIRTHDAY PARTY CORDON BARRIER TAPE,1.25
48184,DOORMAT ENGLISH ROSE ,7.95
23147,SINGLE ANTIQUE ROSE HOOK IVORY,1.45
23318,BOX OF 6 MINI VINTAGE CRACKERS,2.49
21199,PINK  HEART CONFETTI IN TUBE,1.65
21706,FOLDING UMBRELLA RED/WHITE POLKADOT,4.95
20828,GLITTER BUTTERFLY CLIPS,2.55
22355,CHARLOTTE BAG SUKI DESIGN,0.85
23035,DRAWER KNOB CERAMIC IVORY,1.45
22988,SOLDIERS EGG CUP ,1.25
23164,REGENCY CAKE SLICE,4.95
22771,CLEAR DRAWER KNOB ACRYLIC EDWARDIAN,1.25
23217,LAUREL HEART ANTIQUE SILVER,1.25
20914,SET/5 RED RETROSPOT LID GLASS BOWLS,2.95
22273,FELTCRAFT DOLL MOLLY,5.79
21592,RETROSPOT CIGAR BOX MATCHES ,0.39
22866,HAND WARMER SCOTTY DOG DESIGN,2.1
23275,SET OF 3 HANGING OWLS OLLIE BEAK,1.25
22494,EMERGENCY FIRST AID TIN ,1.25
22329,ROUND CONTAINER SET OF 5 RETROSPOT,1.65
23225,CHERUB HEART DECORATION SILVER ,1.63
23284,DOORMAT KEEP CALM AND COME IN,8.25
23200,JUMBO BAG PEARS,2.08
85099C,JUMBO  BAG BAROQUE BLACK WHITE,1.79
23006,TRAVEL CARD WALLET FLOWER MEADOW,0.42
79321,CHILLI LIGHTS,4.95
23296,SET OF 6 TEA TIME BAKING CASES,1.25
22380,TOY TIDY SPACEBOY  ,2.1
82486,3 DRAWER ANTIQUE WHITE WOOD CABINET,8.15
21775,DECORATIVE FLORE BATHROOM BOTTLE,1.25
22365,DOORMAT RESPECTABLE HOUSE,8.25
21015,DARK BIRD HOUSE TREE DECORATION,0.29
22178,VICTORIAN GLASS HANGING T-LIGHT,1.25
22962,JAM JAR WITH PINK LID,0.85
84951B,SET OF 4 BLACK LOVEBIRD COASTERS,0.79
23299,FOOD COVER WITH BEADS SET 2 ,3.75
16169K,WRAP FOLK ART,0.42
84031A,CHARLIE+LOLA RED HOT WATER BOTTLE ,4.65
22791,T-LIGHT GLASS FLUTED ANTIQUE,1.25
85014A,BLACK/BLUE POLKADOT UMBRELLA,5.95
22558,CLOTHES PEGS RETROSPOT PACK 24 ,1.49
22966,GINGERBREAD MAN COOKIE CUTTER,1.25
85059,FRENCH ENAMEL WATER BASIN,3.75
21469,POLKA DOT RAFFIA FOOD COVER,3.75
23355,HOT WATER BOTTLE KEEP CALM,4.15
22492,MINI PAINT SET VINTAGE ,0.65
22665,RECIPE BOX BLUE SKETCHBOOK DESIGN,2.95
82583,HOT BATHS METAL SIGN,2.1
22617,BAKING SET SPACEBOY DESIGN,4.95
22245,"HOOK, 1 HANGER ,MAGIC GARDEN",0.85
84754,S/15 SILVER GLASS BAUBLES IN BAG,1.25
21156,RETROSPOT CHILDRENS APRON,1.95
84050,PINK HEART SHAPE EGG FRYING PAN,1.65
21933,PINK VINTAGE PAISLEY PICNIC BAG,2.95
21931,JUMBO STORAGE BAG SUKI,2.08
85062,PEARL CRYSTAL PUMPKIN T-LIGHT HLDR,1.65
22759,SET OF 3 NOTEBOOKS IN PARCEL,3.29
85184C,SET 4 VALENTINE DECOUPAGE HEART BOX,2.95
22970,LONDON BUS COFFEE MUG,2.55
84755,COLOUR GLASS T-LIGHT HOLDER HANGING,0.65
23093,SMALL PARISIENNE HEART PHOTO FRAME ,2.49
85053,FRENCH ENAMEL CANDLEHOLDER,2.1
35970,ZINC FOLKART SLEIGH BELLS,1.49
22311,OFFICE MUG WARMER BLACK+SILVER ,2.95
22835,HOT WATER BOTTLE I AM SO POORLY,4.65
23078,ICE CREAM PEN LIP GLOSS ,1.25
22662,LUNCH BAG DOLLY GIRL DESIGN,1.45
22586,FELTCRAFT HAIRBAND PINK AND BLUE,0.85
23010,CIRCUS PARADE BABY GIFT SET,16.95
23322,LARGE WHITE HEART OF WICKER,2.95
23546,WRAP PAISLEY PARK ,0.42
22759,SET OF 3 NOTEBOOKS IN PARCEL,1.65
22944,CHRISTMAS METAL POSTCARD WITH BELLS,1.25
85169B,BLACK LOVE BIRD CANDLE,1.25
M,Manual,12.75
22041,"RECORD FRAME 7"" SINGLE SIZE ",2.55
21882,SKULLS TAPE,0.65
23222,CHRISTMAS TREE HANGING GOLD,1.63
21811,HANGING HEART WITH BELL,0.39
22418,10 COLOUR SPACEBOY PEN,0.85
21641,ASSORTED TUTTI FRUTTI KEYRING BALL,0.29
22292,HANGING CHICK  YELLOW DECORATION,1.45
21927,BLUE/CREAM STRIPE CUSHION COVER ,1.25
23230,WRAP ALPHABET DESIGN,0.42
23077,DOUGHNUT LIP GLOSS ,1.25
21700,BIG DOUGHNUT FRIDGE MAGNETS,0.85
21373,MIRRORED WALL ART SNOWFLAKES,0.75
22511,RETROSPOT BABUSHKA DOORSTOP,3.75
21331,MOROCCAN BEATEN METAL DISH LARGE,12.75
22846,BREAD BIN DINER STYLE RED ,16.95
22084,PAPER CHAIN KIT EMPIRE,2.55
23345, DOLLY GIRL BEAKER,1.25
17084P,DRAGONS BLOOD INCENSE,0.21
22549,PICTURE DOMINOES,1.45
84821,DANISH ROSE DELUXE COASTER,0.85
23020,GLASS SONGBIRD STORAGE JAR,12.5
23025,DRAWER KNOB VINTAGE GLASS BALL,2.08
23398,HANGING HEART BONHEUR,0.85
23171,REGENCY TEA PLATE GREEN ,1.65
84375,SET OF 20 KIDS COOKIE CUTTERS,2.1
22964,3 PIECE SPACEBOY COOKIE CUTTER SET,2.1
72800B, 4 PURPLE FLOCK DINNER CANDLES,0.79
22251,BIRDHOUSE DECORATION MAGIC GARDEN,1.25
21559,STRAWBERRY LUNCH BOX WITH CUTLERY,2.55
23236,DOILEY STORAGE TIN,2.89
22616,PACK OF 12 LONDON TISSUES ,0.29
22730,ALARM CLOCK BAKELIKE IVORY,3.75
84406B,CREAM CUPID HEARTS COAT HANGER,4.15
22739,RIBBON REEL CHRISTMAS SOCK BAUBLE,1.65
22758,LARGE PURPLE BABUSHKA NOTEBOOK  ,1.25
85071B,RED CHARLIE+LOLA PERSONAL DOORSIGN,0.39
22473,TV DINNER TRAY VINTAGE PAISLEY,1.95
21192,WHITE BELL HONEYCOMB PAPER ,1.65
21033,JUMBO BAG CHARLIE AND LOLA TOYS,2.08
22169,FAMILY ALBUM WHITE PICTURE FRAME,7.65
84029E,RED WOOLLY HOTTIE WHITE HEART.,3.75
22580,ADVENT CALENDAR GINGHAM SACK,5.95
22460,EMBOSSED GLASS TEALIGHT HOLDER,1.25
23300,GARDENERS KNEELING PAD CUP OF TEA ,1.65
21094,SET/6 RED SPOTTY PAPER PLATES,0.85
POST,POSTAGE,15.0
23043,PAPER LANTERN 9 POINT HOLLY STAR L,6.25
90209B,GREEN ENAMEL+GLASS HAIR COMB,2.1
23019,SMALL APOTHECARY MEASURING JAR ,8.25
22961,JAM MAKING SET PRINTED,1.45
48173C,DOORMAT BLACK FLOCK ,7.95
84536B,FAIRY CAKES NOTEBOOK A7 SIZE,0.42
22464,HANGING METAL HEART LANTERN,1.45
84947,ANTIQUE SILVER TEA GLASS ENGRAVED,1.06
23157,SET OF 6 NATIVITY MAGNETS ,2.08
22169,FAMILY ALBUM WHITE PICTURE FRAME,8.5
23428,IVORY RETRO KITCHEN WALL CLOCK,8.15
22515,CHILDS GARDEN SPADE PINK,2.1
21918,SET 12 KIDS COLOUR  CHALK STICKS,0.42
84638,SMALL KITCHEN FLOWER POTS PLAQUE,6.95
48116,DOORMAT MULTICOLOUR STRIPE,7.95
23014,GLASS APOTHECARY BOTTLE ELIXIR,3.95
21158,MOODY GIRL DOOR HANGER ,0.39
22107,PIZZA PLATE IN BOX,3.75
15044A,PINK PAPER PARASOL ,2.95
23403,LETTER HOLDER HOME SWEET HOME,3.75
21986,PACK OF 12 PINK POLKADOT TISSUES,0.29
22727,ALARM CLOCK BAKELIKE RED ,3.75
21903,MAN FLU METAL SIGN,4.13
21804,WHITE CHRISTMAS GARLAND STARS TREES,3.75
23521,WALL ART CAT AND BIRD ,2.89
21929,JUMBO BAG PINK VINTAGE PAISLEY,2.08
21034,REX CASH+CARRY JUMBO SHOPPER,0.95
84946,ANTIQUE SILVER T-LIGHT GLASS,1.06
22114,HOT WATER BOTTLE TEA AND SYMPATHY,4.25
22212,FOUR HOOK  WHITE LOVEBIRDS,2.1
85146,JARDIN ETCHED GLASS SMALL BELL JAR,5.95
84519B,CARROT CHARLIE+LOLA COASTER SET,1.25
23076,ICE CREAM SUNDAE LIP GLOSS,1.25
22729,ALARM CLOCK BAKELIKE ORANGE,3.75
84927F,PSYCHEDELIC TILE HOOK,0.39
21789,KIDS RAIN MAC PINK,0.85
22723,SET OF 6 HERB TINS SKETCHBOOK,1.25
20659,ECONOMY LUGGAGE TAG,1.25
22982,PANTRY PASTRY BRUSH,2.46
22427,ENAMEL FLOWER JUG CREAM,5.95
22360,GLASS JAR ENGLISH CONFECTIONERY,2.95
23308,SET OF 60 VINTAGE LEAF CAKE CASES ,0.55
21181,PLEASE ONE PERSON METAL SIGN,2.1
21212,PACK OF 72 RETROSPOT CAKE CASES,1.25
85172,HYACINTH BULB T-LIGHT CANDLES,0.42
21672,WHITE SPOT RED CERAMIC DRAWER KNOB,1.45
22424,ENAMEL BREAD BIN CREAM,12.75
21642,ASSORTED TUTTI FRUTTI PEN,0.29
23352,ROLL WRAP 50'S RED CHRISTMAS ,1.25
22138,BAKING SET 9 PIECE RETROSPOT ,4.95
16156S,WRAP PINK FAIRY CAKES ,0.42
21623,VINTAGE UNION JACK MEMOBOARD,9.95
D,Discount,129.9
22187,GREEN CHRISTMAS TREE CARD HOLDER,1.95
22915,ASSORTED BOTTLE TOP  MAGNETS ,0.42
23334,IVORY WICKER HEART SMALL,0.63
85183B,CHARLIE & LOLA WASTEPAPER BIN FLORA,1.25
22621,TRADITIONAL KNITTING NANCY,1.65
23351,ROLL WRAP 50'S CHRISTMAS,1.25
20961,STRAWBERRY BATH SPONGE ,1.25
22996,TRAVEL CARD WALLET VINTAGE TICKET,0.42
21928,JUMBO BAG SCANDINAVIAN BLUE PAISLEY,2.08
22716,CARD CIRCUS PARADE,0.42
22496,SET OF 2 ROUND TINS DUTCH CHEESE,0.79
21890,S/6 WOODEN SKITTLES IN COTTON BAG,2.95
23434,3 RAFFIA RIBBONS 50'S CHRISTMAS ,0.79
22963,JAM JAR WITH GREEN LID,0.85
21121,SET/10 RED POLKADOT PARTY CANDLES,1.25
22835,HOT WATER BOTTLE I AM SO POORLY,4.95
85227,SET OF 6 3D KIT CARDS FOR KIDS,0.85
22619,SET OF 6 SOLDIER SKITTLES,3.75
21790,VINTAGE SNAP CARDS,0.85
21823,PAINTED METAL HEART WITH HOLLY BELL,0.39
23136,IVORY WIRE SWEETHEART LETTER TRAY,3.75
23292,SPACEBOY CHILDRENS CUP,1.25
23438, RED SPOT GIFT BAG LARGE,1.25
23319,BOX OF 6 MINI 50'S CRACKERS,2.49
23049,RECYCLED ACAPULCO MAT RED,8.25
84745B,BLUE HANGING GINGHAM EASTER HEN,0.42
21169,YOU'RE CONFUSING ME METAL SIGN ,1.69
23526,WALL ART DOG LICENCE ,5.95
21889,WOODEN BOX OF DOMINOES,1.25
90094,NECKLACE+BRACELET SET FRUIT SALAD ,2.55
21407,BROWN CHECK CAT DOORSTOP ,4.25
84378,SET OF 3 HEART COOKIE CUTTERS,1.25
22195,LARGE HEART MEASURING SPOONS,1.65
21494,ROTATING LEAVES T-LIGHT HOLDER,1.25
22433,WATERING CAN GREEN DINOSAUR,1.95
21892,TRADITIONAL WOODEN CATCH CUP GAME ,1.25
20713,JUMBO BAG OWLS,2.08
84849D,HOT BATHS SOAP HOLDER,1.69
22326,ROUND SNACK BOXES SET OF4 WOODLAND ,2.55
23000,TRAVEL CARD WALLET TRANSPORT,0.42
22113,GREY HEART HOT WATER BOTTLE,4.25
21498,RED RETROSPOT WRAP ,0.34
21928,JUMBO BAG SCANDINAVIAN PAISLEY,1.95
22549,PICTURE DOMINOES,1.25
23397,FOOT STOOL HOME SWEET HOME ,8.15
23231,WRAP DOILEY DESIGN,0.42
85099B,JUMBO BAG RED RETROSPOT,1.79
23081,GREEN METAL BOX ARMY SUPPLIES,8.25
85215,ASSORTED CHEESE FRIDGE MAGNETS,0.65
22800,ANTIQUE TALL SWIRLGLASS TRINKET POT,3.75
85035C,ROSE 3 WICK MORRIS BOX CANDLE,1.25
35911A,MULTICOLOUR RABBIT EGG WARMER,0.85
22518,CHILDS GARDEN BRUSH BLUE,2.1
22508,DOORSTOP RETROSPOT HEART,3.75
22734,SET OF 6 RIBBONS VINTAGE CHRISTMAS,2.89
22605,WOODEN CROQUET GARDEN SET,14.95
23418,LAVENDER TOILETTE BOTTLE,2.08
22691,DOORMAT WELCOME SUNRISE,7.95
22109,FULL ENGLISH BREAKFAST PLATE,3.75
23053,RECYCLED ACAPULCO MAT PINK,8.25
21481,FAWN BLUE HOT WATER BOTTLE,3.75
15056N,EDWARDIAN PARASOL NATURAL,5.95
82482,WOODEN PICTURE FRAME WHITE FINISH,2.1
23340,VINTAGE CHRISTMAS CAKE FRILL,1.65
37449,CERAMIC CAKE STAND + HANGING CAKES,9.95
22601,CHRISTMAS RETROSPOT ANGEL WOOD,0.85
21519,GIN & TONIC DIET GREETING CARD ,0.42
85099C,JUMBO  BAG BAROQUE BLACK WHITE,1.95
15056BL,EDWARDIAN PARASOL BLACK,5.95
84877B,GREEN ROUND COMPACT MIRROR,1.25
23184,BULL DOG BOTTLE OPENER,4.95
21906,PHARMACIE FIRST AID TIN,6.75
21497,FANCY FONTS BIRTHDAY WRAP,0.42
23310,BUBBLEGUM RING ASSORTED,0.42
21239,PINK  POLKADOT CUP,0.85
22417,PACK OF 60 SPACEBOY CAKE CASES,0.42
21066,VINTAGE RED MUG,1.25
22286,"DECORATION , WOBBLY RABBIT , METAL ",1.65
23323,WHITE WICKER STAR ,2.1
85049F,BABY BOOM RIBBONS ,1.25
22852,DOG BOWL VINTAGE CREAM,4.25
23270,SET OF 2 CERAMIC PAINTED HEARTS ,1.45
22345,PARTY PIZZA DISH BLUE POLKADOT,0.21
21814,HEART T-LIGHT HOLDER ,1.45
23199,JUMBO BAG APPLES,2.08
21108,FAIRY CAKE FLANNEL ASSORTED COLOUR,0.79
22943,CHRISTMAS LIGHTS 10 VINTAGE BAUBLES,4.95
22696,WICKER WREATH LARGE,1.95
21167,WHITE SAGE INCENSE,0.21
22692,DOORMAT WELCOME TO OUR HOME,7.95
22230,JIGSAW TREE WITH WATERING CAN,0.29
23660,HENRIETTA HEN MUG ,1.65
22471,TV DINNER TRAY AIR HOSTESS ,4.95
23229,VINTAGE DONKEY TAIL GAME ,3.75
23556,LANDMARK FRAME COVENT GARDEN ,12.5
47590B,PINK HAPPY BIRTHDAY BUNTING,5.45
23567,EGG CUP HENRIETTA HEN PINK,1.25
22928,YELLOW GIANT GARDEN THERMOMETER,5.95
21089,SET/6 GREEN SPRING PAPER CUPS,0.19
85049C,ROMANTIC PINKS RIBBONS ,1.25
22193,RED DINER WALL CLOCK,8.5
21504,SKULLS GREETING CARD,0.42
20685,DOORMAT RED RETROSPOT,7.95
23313,VINTAGE CHRISTMAS BUNTING,4.95
20725,LUNCH BAG RED RETROSPOT,1.45
84950,ASSORTED COLOUR T-LIGHT HOLDER,0.65
21179,NO JUNK MAIL METAL SIGN,1.25
22358,KINGS CHOICE TEA CADDY ,2.95
21232,STRAWBERRY CERAMIC TRINKET BOX,1.25
20984,12 PENCILS TALL TUBE POSY,0.29
23341,PINK DINER WALL CLOCK,8.5
22334,DINOSAUR PARTY BAG + STICKER SET,1.65
22228,BUNNY WOODEN PAINTED WITH BIRD ,0.85
23293,SET OF 12 FAIRY CAKE BAKING CASES,0.83
23137,ZINC WIRE SWEETHEART LETTER TRAY,1.25
21845,DAIRY MAID STRIPE MUG,2.95
23581,JUMBO BAG PAISLEY PARK,2.08
21175,GIN + TONIC DIET METAL SIGN,2.55
84378,SET OF 3 HEART COOKIE CUTTERS,1.45
22886,NUMBER TILE VINTAGE FONT 7,1.95
22744,MAKE YOUR OWN MONSOON CARD KIT,0.79
23493,VINTAGE DOILY TRAVEL SEWING KIT,1.95
85040B,SET/4 BLUE FLOWER CANDLES IN BOWL,1.65
84519A,TOMATO CHARLIE+LOLA COASTER SET,1.25
47503H,ASS FLORAL PRINT SPIRIT LEVEL ,0.79
23201,JUMBO BAG ALPHABET,2.08
22672,FRENCH BATHROOM SIGN BLUE METAL,1.65
23282,FOLDING BUTTERFLY MIRROR IVORY ,0.72
22132,RED LOVE HEART SHAPE CUP,0.85
22436,12 COLOURED PARTY BALLOONS,0.65
21244,BLUE POLKADOT PLATE ,1.69
21179,NO JUNK MAIL METAL SIGN,0.39
23156,SET OF 5 MINI GROCERY MAGNETS,2.08
22310,IVORY KNITTED MUG COSY ,1.65
23349,ROLL WRAP VINTAGE CHRISTMAS,1.25
23113,PANTRY CHOPPING BOARD,4.95
21830,ASSORTED CREEPY CRAWLIES,0.42
85099B,JUMBO BAG RED RETROSPOT,1.95
22231,JIGSAW TREE WITH BIRDHOUSE,0.59
84766,SILVER ROCOCO CANDLE STICK,1.95
40016,CHINESE DRAGON PAPER LANTERNS,0.42
21204,DAISIES  HONEYCOMB GARLAND ,1.65
23414,ZINC BOX SIGN HOME,9.95
23254,CHILDRENS CUTLERY DOLLY GIRL ,4.15
23058,CHRISTMAS HANGING SNOWFLAKE,0.79
23227,FILIGREE HEART BUTTERFLY WHITE ,2.46
22781,GUMBALL MAGAZINE RACK,7.65
22804,PINK HANGING HEART T-LIGHT HOLDER,2.95
21711,FOLDING UMBRELLA WHITE/RED POLKADOT,4.95
22026,BANQUET BIRTHDAY  CARD  ,0.42
22971,QUEENS GUARD COFFEE MUG,2.55
22340,NOEL GARLAND PAINTED ZINC ,0.39
22475,SKULL DESIGN TV DINNER TRAY,4.25
22894,TABLECLOTH RED APPLES DESIGN ,9.95
21990,MODERN FLORAL STATIONERY SET,2.95
22710,WRAP I LOVE LONDON ,0.42
85152,HAND OVER THE CHOCOLATE   SIGN ,4.13
23202,JUMBO BAG VINTAGE LEAF,2.08
22624,IVORY KITCHEN SCALES,7.65
21135,VICTORIAN  METAL POSTCARD SPRING,1.69
POST,POSTAGE,45.0
22086,PAPER CHAIN KIT 50'S CHRISTMAS ,2.55
22094,RED RETROSPOT TISSUE BOX,1.25
21212,PACK OF 72 RETROSPOT CAKE CASES,0.42
22553,PLASTERS IN TIN SKULLS,1.65
22488,NATURAL SLATE RECTANGLE CHALKBOARD,1.65
47574A,ENGLISH ROSE SCENTED HANGING FLOWER,0.75
22646,CERAMIC STRAWBERRY CAKE MONEY BANK,1.45
85123A,WHITE HANGING HEART T-LIGHT HOLDER,2.55
21632,VINTAGE PINK DECORATIVE PARASOL,3.95
22196,SMALL HEART MEASURING SPOONS,1.63
21558,SKULL LUNCH BOX WITH CUTLERY ,2.55
20724,RED RETROSPOT CHARLOTTE BAG,0.85
23311,VINTAGE CHRISTMAS STOCKING ,2.55
21929,JUMBO BAG PINK VINTAGE PAISLEY,1.79
M,Manual,0.08
84461,12 PINK HEN+CHICKS IN BASKET,2.55
21680,WOODLAND  STICKERS,0.85
22895,SET OF 2 TEA TOWELS APPLE AND PEARS,2.95
23193,BUFFALO BILL TREASURE BOOK BOX,2.25
22385,JUMBO BAG SPACEBOY DESIGN,2.08
20713,JUMBO BAG OWLS,1.95
23240,SET OF 4 KNICK KNACK TINS DOILY ,4.15
20840,FRENCH FLORAL CUSHION COVER ,0.85
22295,HEART FILIGREE DOVE LARGE,1.65
22192,BLUE DINER WALL CLOCK,8.5
21537,RED RETROSPOT PUDDING BOWL,4.25
17021,NAMASTE SWAGAT INCENSE,0.3
21617,4 LILY  BOTANICAL DINNER CANDLES,1.25
22629,SPACEBOY LUNCH BOX ,1.95
21218,RED SPOTTY BISCUIT TIN,3.25
22321,BIRD DECORATION RED RETROSPOT,0.85
23220,REINDEER HEART DECORATION GOLD,1.63
22798,ANTIQUE GLASS DRESSING TABLE POT,2.95
47590A,BLUE HAPPY BIRTHDAY BUNTING,5.45
21159,MOODY BOY  DOOR HANGER ,1.45
21626,VINTAGE UNION JACK PENNANT,1.95
21873,IF YOU CAN'T STAND THE HEAT MUG,1.25
23166,MEDIUM CERAMIC TOP STORAGE JAR,1.25
22907,PACK OF 20 NAPKINS PANTRY DESIGN,0.85
22496,SET OF 2 ROUND TINS DUTCH CHEESE,2.95
20751,FUNKY WASHING UP GLOVES ASSORTED,2.1
21985,PACK OF 12 HEARTS DESIGN TISSUES ,0.39
21713,CITRONELLA CANDLE FLOWERPOT,2.1
23144,ZINC T-LIGHT HOLDER STARS SMALL,0.83
23208,LUNCH BAG VINTAGE LEAF DESIGN,1.65
22670,FRENCH WC SIGN BLUE METAL,1.25
84596G,SMALL CHOCOLATES PINK BOWL,0.42
22179,SET 10 LIGHTS NIGHT OWL,6.75
22128,PARTY CONES CANDY ASSORTED,1.25
22110,BIRD HOUSE HOT WATER BOTTLE,2.55
21221,SET/4 BADGES CUTE CREATURES,1.25
23138,SINGLE WIRE HOOK IVORY HEART,1.45
22589,CARDHOLDER GINGHAM STAR,2.89
23209,LUNCH BAG VINTAGE DOILY ,1.65
22968,ROSE COTTAGE KEEPSAKE BOX ,9.95
22986,WRAP GINGHAM ROSE ,0.42
23048,SET OF 10 LANTERNS FAIRY LIGHT STAR,4.15
46000U,POLYESTER FILLER PAD 30CMx30CM,1.25
22477,WATERING CAN GARDEN MARKER,1.25
84247N,PACK/12 BLUE FOLKART CARDS,2.95
22817,CARD SUKI BIRTHDAY,0.42
16238,PARTY TIME PENCIL ERASERS,0.21
71459,HANGING JAM JAR T-LIGHT HOLDERS,0.85
84857B,BLUE MONTE CARLO HANDBAG,1.95
21556,CERAMIC STRAWBERRY MONEY BOX,2.55
22609,PENS ASSORTED SPACEBALL,0.19
22742,MAKE YOUR OWN PLAYTIME CARD KIT,2.95
21361,LOVE LARGE WOOD LETTERS ,12.75
23332,IVORY WICKER HEART LARGE,1.65
22208,WOOD STAMP SET THANK YOU,0.83
22851,SET 20 NAPKINS FAIRY CAKES DESIGN ,0.85
22428,ENAMEL FIRE BUCKET CREAM,6.95
21205,MULTICOLOUR 3D BALLS GARLAND,2.55
22712,CARD DOLLY GIRL ,0.42
22067,CHOC TRUFFLE GOLD TRINKET POT ,1.65
23312,VINTAGE CHRISTMAS GIFT SACK,4.15
22625,RED KITCHEN SCALES,8.5
21716,BOYS VINTAGE TIN SEASIDE BUCKET,2.55
84031B,CHARLIE LOLA BLUE HOT WATER BOTTLE ,4.65
72133,COLUMBIAN CANDLE RECTANGLE,1.25
82599,FANNY'S REST STOPMETAL SIGN,2.1
71477,COLOUR GLASS. STAR T-LIGHT HOLDER,3.25
22579,WOODEN TREE CHRISTMAS SCANDINAVIAN,0.85
22112,CHOCOLATE HOT WATER BOTTLE,4.95
22721,SET OF 3 CAKE TINS SKETCHBOOK,1.95
21088,SET/6 FRUIT SALAD PAPER CUPS,0.83
72818,CHRISTMAS DECOUPAGE CANDLE,0.39
21790,VINTAGE SNAP CARDS,0.72
22077,6 RIBBONS RUSTIC CHARM,1.95
22723,SET OF 6 HERB TINS SKETCHBOOK,3.95
22336,DOVE DECORATION PAINTED ZINC ,0.19
22606,WOODEN SKITTLES GARDEN SET,12.75
22676,FRENCH BLUE METAL DOOR SIGN 1,1.25
85176,SEWING SUSAN 21 NEEDLE SET,0.85
22637,PIGGY BANK RETROSPOT ,2.55
22896,PEG BAG APPLES DESIGN,2.1
23236,DOILEY BISCUIT TIN,2.89
22776,SWEETHEART CAKESTAND 3 TIER,8.5
85071D,CHARLIE+LOLA MY ROOM DOOR SIGN,0.39
21269,ANTIQUE CREAM CUTLERY SHELF ,8.5
23188,VINTAGE  2 METRE FOLDING RULER,1.65
84596E,SMALL LICORICE DES PINK BOWL,0.42
21616,4 PEAR BOTANICAL DINNER CANDLES,1.25
37500,TEA TIME TEAPOT IN GIFT BOX,4.95
23265,SET OF 3 WOODEN TREE DECORATIONS,1.25
35095B,RED VICTORIAN FABRIC OVAL BOX,0.42
20986,BLUE CALCULATOR RULER,1.25
23020,GLASS  SONGBIRD STORAGE JAR,12.5
20695,FLORAL BLUE MONSTER,4.25
21382,SET/4 SPRING FLOWER DECORATION,0.75
22843,BISCUIT TIN VINTAGE GREEN,6.75
22818,CARD CHRISTMAS VILLAGE,0.42
23530,WALL ART ONLY ONE PERSON ,4.15
85019A,ROMANTIC IMAGES NOTEBOOK SET,4.25
22834,HAND WARMER BABUSHKA DESIGN,2.1
22908,PACK OF 20 NAPKINS RED APPLES,0.85
21671,RED SPOT CERAMIC DRAWER KNOB,1.25
21210,SET OF 72 RETROSPOT PAPER  DOILIES,1.45
20749,ASSORTED COLOUR MINI CASES,7.95
21668,RED STRIPE CERAMIC DRAWER KNOB,1.25
22155,STAR DECORATION RUSTIC,0.42
21914,BLUE HARMONICA IN BOX ,1.25
23566,EGG CUP MILKMAID HEIDI,1.25
20975,12 PENCILS SMALL TUBE RED RETROSPOT,0.65
22690,DOORMAT HOME SWEET HOME BLUE ,7.95
20674,GREEN POLKADOT BOWL,1.25
22386,JUMBO BAG PINK POLKADOT,2.08
23534,WALL ART STOP FOR TEA ,5.95
23238,SET OF 4 KNICK KNACK TINS LONDON ,4.15
85071B,RED CHARLIE+LOLA PERSONAL DOORSIGN,2.95
20973,12 PENCIL SMALL TUBE WOODLAND,0.65
21398,RED POLKADOT COFFEE  MUG,0.39
22757,LARGE RED BABUSHKA NOTEBOOK ,0.39
22939,APRON APPLE DELIGHT,4.95
22650,CERAMIC PIRATE CHEST MONEY BANK,1.45
21846,PINK DIAMANTE PEN IN GIFT BOX,4.95
84912A,PINK ROSE WASHBAG,3.75
21479,WHITE SKULL HOT WATER BOTTLE ,4.25
22459,CAST IRON HOOK GARDEN TROWEL,2.55
22519,CHILDS GARDEN BRUSH PINK,2.1
23697,A PRETTY THANK YOU CARD,0.42
22097,SWALLOW SQUARE TISSUE BOX,1.25
22584,PACK OF 6 PANNETONE GIFT BOXES,2.55
22558,CLOTHES PEGS RETROSPOT PACK 24 ,1.65
22582,PACK OF 6 SWEETIE GIFT BOXES,2.55
20785,FUSCHIA RETRO BAR STOOL,35.95
22197,SMALL POPCORN HOLDER,0.72
21664,RIDGED GLASS STORAGE JAR CREAM LID,3.75
22421,LIPSTICK PEN FUSCHIA,0.83
23382,BOX OF 6 CHRISTMAS CAKE DECORATIONS,3.29
48194,DOORMAT HEARTS,7.95
90125B,AQUA BERTIE GLASS BEAD BAG CHARM,2.1
23531,WALL ART BIG LOVE ,6.95
21166,COOK WITH WINE METAL SIGN ,2.08
21802,CHRISTMAS TREE HEART DECORATION,0.42
82486,3 DRAWER ANTIQUE WHITE WOOD CABINET,8.95
22170,PICTURE FRAME WOOD TRIPLE PORTRAIT,6.75
23288,GREEN VINTAGE SPOT BEAKER,0.85
22411,JUMBO SHOPPER VINTAGE RED PAISLEY,1.95
22607,WOODEN ROUNDERS GARDEN SET ,9.95
22702,BLACK AND WHITE CAT BOWL,2.1
84510A,SET OF 4 ENGLISH ROSE COASTERS,1.25
22087,PAPER BUNTING WHITE LACE,2.95
37446,MINI CAKE STAND WITH HANGING CAKES,1.45
22845,VINTAGE CREAM CAT FOOD CONTAINER,6.35
22632,HAND WARMER RED RETROSPOT,1.85
22947,WOODEN ADVENT CALENDAR RED,16.95
47503A,ASS FLORAL PRINT MULTI SCREWDRIVER,0.42
85174,S/4 CACTI CANDLES,4.95
84687,BEACH HUT SHELF W 3 DRAWERS,5.95
22300,COFFEE MUG DOG + BALL DESIGN,2.55
84692,BOX OF 24 COCKTAIL PARASOLS,0.42
M,Manual,0.0
22131,FOOD CONTAINER SET 3 LOVE HEART ,1.95
22386,JUMBO BAG PINK POLKADOT,1.95
22822,CREAM WALL PLANTER HEART SHAPED,5.95
21735,TWO DOOR CURIO CABINET,6.0
21787,RAIN PONCHO RETROSPOT,0.85
20982,12 PENCILS TALL TUBE SKULLS,0.85
22374,AIRLINE BAG VINTAGE JET SET RED,4.25
85014B,RED RETROSPOT UMBRELLA,4.95
84997C,CHILDRENS CUTLERY POLKADOT BLUE,4.15
22735,RIBBON REEL SOCKS AND MITTENS,1.65
22816,CARD MOTORBIKE SANTA,0.42
21534,DAIRY MAID LARGE MILK JUG,4.95
21069,VINTAGE BILLBOARD TEA MUG,1.25
85197,SET OF 12 MINI BUNNIES IN A BUCKET,2.1
22072,RED RETROSPOT TEA CUP AND SAUCER ,3.75
21932,SCANDINAVIAN PAISLEY PICNIC BAG,1.65
23191,BUNDLE OF 3 RETRO NOTE BOOKS,1.65
23369,SET 36 COLOUR PENCILS LOVE LONDON,1.25
21864,UNION JACK FLAG PASSPORT COVER ,2.1
20969,RED FLORAL FELTCRAFT SHOULDER BAG,3.75
22581,WOOD STOCKING CHRISTMAS SCANDISPOT,0.85
22466,FAIRY TALE COTTAGE NIGHT LIGHT,1.95
22335,HEART DECORATION PAINTED ZINC ,0.65
85071C,"CHARLIE+LOLA""EXTREMELY BUSY"" SIGN",2.55
22033,BOTANICAL ROSE GREETING CARD,0.42
22900,SET 2 TEA TOWELS I LOVE LONDON ,3.25
82484,WOOD BLACK BOARD ANT WHITE FINISH,7.95
23210,WHITE ROCKING HORSE HAND PAINTED,1.25
22732,3D VINTAGE CHRISTMAS STICKERS ,1.25
21980,PACK OF 12 RED RETROSPOT TISSUES ,0.39
85132A,CHARLIE + LOLA BISCUITS TINS,9.95
85131B,BEADED CRYSTAL HEART GREEN ON STICK,1.25
22631,CIRCUS PARADE LUNCH BOX ,1.95
22263,FELT EGG COSY LADYBIRD ,0.66
21974,SET OF 36 PAISLEY FLOWER DOILIES,1.45
22689,DOORMAT MERRY CHRISTMAS RED ,16.63
21902,"KEY FOB , FRONT  DOOR ",0.65
22070,SMALL RED RETROSPOT MUG IN BOX ,3.75
71053,WHITE METAL LANTERN,3.75
20967,GREY FLORAL FELTCRAFT SHOULDER BAG,3.75
23320,GIANT 50'S CHRISTMAS CRACKER,1.25
23162,REGENCY TEA STRAINER,3.75
23437, 50'S CHRISTMAS GIFT BAG LARGE,1.25
84818,DANISH ROSE PHOTO FRAME,0.85
22949,36 DOILIES DOLLY GIRL,1.45
23119,PACK OF 6 LARGE FRUIT STRAWS ,0.62
21900,"KEY FOB , SHED",0.65
85066,CREAM SWEETHEART MINI CHEST,12.75
22302,COFFEE MUG PEARS  DESIGN,2.55
48173C,DOORMAT BLACK FLOCK ,8.25
35819B,"ACRYLIC HANGING JEWEL,BLUE",0.38
16161P,WRAP ENGLISH ROSE ,0.42
21899,GARAGE KEY FOB,0.65
23550,WRAP ALPHABET POSTER  ,0.42
23031,DRAWER KNOB CRACKLE GLAZE PINK,1.45
22430,ENAMEL WATERING CAN CREAM,4.95
22566,FELTCRAFT HAIRBAND PINK AND PURPLE,0.85
23489,VINTAGE BELLS GARLAND,2.89
22741,FUNKY DIVA PEN,0.85
23438,GIFT BAG LARGE SPOT ,1.25
23571,TRADITIONAL NAUGHTS & CROSSES,1.65
82552,WASHROOM METAL SIGN,1.45
21355,TOAST ITS - I LOVE YOU ,1.25
22986,GINGHAM ROSE WRAP,0.42
23128,DOLLCRAFT BOY JEAN-PAUL ,4.95
23400,SHELF WITH 4 HOOKS HOME SWEET HOME,6.25
23378,PACK OF 12 50'S CHRISTMAS TISSUES,0.39
21844,RED RETROSPOT MUG,2.95
23498,CLASSIC BICYCLE CLIPS ,1.45
22284,HEN HOUSE DECORATION,1.65
85136A,YELLOW SHARK HELICOPTER,7.95
22070,SMALL RED RETROSPOT MUG IN BOX ,3.39
23211,RED ROCKING HORSE HAND PAINTED,1.25
22947,WOODEN ADVENT CALENDAR RED,7.95
46000P,POLYESTER FILLER PAD 65CMx65CM,4.25
85048,15CM CHRISTMAS GLASS BALL 20 LIGHTS,7.95
20846,ZINC HEART LATTICE T-LIGHT HOLDER,1.25
85032B,BLOSSOM IMAGES GIFT WRAP SET,0.65
22957,SET 3 PAPER VINTAGE CHICK PAPER EGG,2.95
90148,LONG SILVER NECKLACE PASTEL FLOWER,12.75
21977,PACK OF 60 PINK PAISLEY CAKE CASES,0.55
22927,GREEN GIANT GARDEN THERMOMETER,5.95
22929,SCHOOL DESK AND CHAIR ,65.0
90214E,"LETTER ""E"" BLING KEY RING",0.29
21383,PACK OF 12 STICKY BUNNIES,0.65
22077,6 RIBBONS RUSTIC CHARM,1.65
22215,CAKE STAND WHITE TWO TIER LACE,2.95
20726,LUNCH BAG WOODLAND,1.45
22801,ANTIQUE GLASS PEDESTAL BOWL,3.75
22064,PINK DOUGHNUT TRINKET POT ,1.65
21485,RETROSPOT HEART HOT WATER BOTTLE,4.95
84945,MULTI COLOUR SILVER T-LIGHT HOLDER,1.8
22995,TRAVEL CARD WALLET SUKI,0.42
22250,DECORATION  BUTTERFLY  MAGIC GARDEN,0.85
23065,LARGE DECO JEWELLERY STAND,12.5
21509,COWBOYS AND INDIANS BIRTHDAY CARD ,0.42
21162,TOXIC AREA  DOOR HANGER ,0.39
22594,CHRISTMAS GINGHAM TREE,0.85
84991,60 TEATIME FAIRY CAKE CASES,0.55
22699,ROSES REGENCY TEACUP AND SAUCER ,2.95
22386,JUMBO BAG PINK POLKADOT,1.79
23545,WRAP RED DOILEY,0.42
23079,TOADSTOOL BEDSIDE LIGHT ,8.95
22255,FELT TOADSTOOL  SMALL,0.85
23286,BLUE VINTAGE SPOT BEAKER,0.85
22121,NOEL WOODEN BLOCK LETTERS ,5.95
22563,HAPPY STENCIL CRAFT,1.25
22789,T-LIGHT HOLDER SWEETHEART HANGING,1.95
21287,SCENTED VELVET LOUNGE CANDLE ,0.38
23235,STORAGE TIN VINTAGE LEAF,2.89
22941,CHRISTMAS LIGHTS 10 REINDEER,8.5
23497,CLASSIC CHROME BICYCLE BELL ,1.45
21673,WHITE SPOT BLUE CERAMIC DRAWER KNOB,1.25
47591D,PINK FAIRY CAKE CHILDRENS APRON,1.95
23243,SET OF TEA COFFEE SUGAR TINS PANTRY,4.95
23256,CHILDRENS CUTLERY SPACEBOY ,4.15
22644,CERAMIC CHERRY CAKE MONEY BANK,0.39
21070,VINTAGE BILLBOARD MUG ,1.25
22751,FELTCRAFT PRINCESS OLIVIA DOLL,3.75
84459B,YELLOW METAL CHICKEN HEART ,1.49
23367,SET 12 COLOUR PENCILS SPACEBOY ,0.65
82580,BATHROOM METAL SIGN,0.55
22513,DOORSTOP FOOTBALL DESIGN,7.46
21618,4 WILDFLOWER BOTANICAL CANDLES,3.75
22165,"DIAMANTE HEART SHAPED WALL MIRROR, ",3.95
22750,FELTCRAFT PRINCESS LOLA DOLL,3.75
23221,REINDEER HEART DECORATION SILVER,0.83
84997C,BLUE 3 PIECE POLKADOT CUTLERY SET,3.75
21754,HOME BUILDING BLOCK WORD,5.95
23295,SET OF 12 MINI LOAF BAKING CASES,0.83
22632,HAND WARMER RED RETROSPOT,2.1
22671,FRENCH LAUNDRY SIGN BLUE METAL,1.65
22639,SET OF 4 NAPKIN CHARMS HEARTS,2.55
22914,BLUE COAT RACK PARIS FASHION,4.95
20981,12 PENCILS TALL TUBE WOODLAND,0.85
21931,JUMBO STORAGE BAG SUKI,1.79
21615,4 LAVENDER BOTANICAL DINNER CANDLES,1.25
23213,STAR WREATH DECORATION WITH BELL,1.25
23132,SMALL IVORY HEART WALL ORGANISER,5.75
21643,ASSORTED TUTTI FRUTTI MIRROR,1.25
22189,CREAM HEART CARD HOLDER,3.95
22561,WOODEN SCHOOL COLOURING SET,1.45
23286,BLUE VINTAGE SPOT BEAKER,0.72
20676,RED RETROSPOT BOWL,1.25
84997D,CHILDRENS CUTLERY POLKADOT PINK,4.15
85169A,IVORY LOVE BIRD CANDLE,0.42
22846,BREAD BIN DINER STYLE RED ,14.95
23106,ZINC HEARTS PLANT POT HOLDER,2.89
85132C,CHARLIE AND LOLA FIGURES TINS,1.95
72807C,SET/3 VANILLA SCENTED CANDLE IN BOX,4.25
22075,6 RIBBONS ELEGANT CHRISTMAS ,0.39
23201,JUMBO BAG ALPHABET,1.95
21495,SKULLS AND CROSSBONES WRAP,0.42
20719,WOODLAND CHARLOTTE BAG,0.72
23281,FOLDING BUTTERFLY MIRROR RED  ,0.83
22502,PICNIC BASKET WICKER SMALL,5.95
21586,KINGS CHOICE GIANT TUBE MATCHES,2.55
23316,RED REFECTORY CLOCK ,9.95
23145,ZINC T-LIGHT HOLDER STAR LARGE,0.95
21216,"SET 3 RETROSPOT TEA,COFFEE,SUGAR",4.95
21991,BOHEMIAN COLLAGE STATIONERY SET,1.25
23388,WOODLAND MINI BACKPACK,4.15
23057,BEADED CHANDELIER T-LIGHT HOLDER,4.95
84520B,PACK 20 ENGLISH ROSE PAPER NAPKINS,0.85
22327,ROUND SNACK BOXES SET OF 4 SKULLS,2.95
84795B,SUNSET CHECK HAMMOCK,7.95
22602,RETROSPOT WOODEN HEART DECORATION,0.85
72799E,IVORY PILLAR CANDLE SILVER FLOCK,2.95
23570,TRADITIONAL PICK UP STICKS GAME ,1.25
22571,ROCKING HORSE RED CHRISTMAS ,0.85
21059,PARTY INVITES DINOSAURS,0.85
22294,HEART FILIGREE DOVE  SMALL,1.25
22967,SET 3 SONG BIRD PAPER EGGS ASSORTED,2.95
22579,WOODEN TREE CHRISTMAS SCANDINAVIAN,0.29
22021,BLUE FELT EASTER EGG BASKET,1.65
20936,FORKED CACTUS CANDLE,2.95
22636,CHILDS BREAKFAST SET CIRCUS PARADE,8.5
20971,PINK BLUE FELT CRAFT TRINKET BOX,1.25
20956,PORCELAIN T-LIGHT HOLDERS ASSORTED,1.25
82486,WOOD S/3 CABINET ANT WHITE FINISH,8.95
35970,ZINC FOLKART SLEIGH BELLS,1.69
22847,BREAD BIN DINER STYLE IVORY,16.95
21774,DECORATIVE CATS BATHROOM BOTTLE,1.25
22265,EASTER DECORATION NATURAL CHICK,0.65
21164,HOME SWEET HOME METAL SIGN ,2.95
84949,SILVER HANGING T-LIGHT HOLDER,1.45
35953,FOLKART STAR CHRISTMAS DECORATIONS,0.39
81950V,FLOWER PURPLE CLOCK W/SUCKER,0.85
23404,HOME SWEET HOME BLACKBOARD,3.26
72598,SET/12 TAPER CANDLES,0.85
21544,SKULLS  WATER TRANSFER TATTOOS ,0.85
22978,PANTRY ROLLING PIN,3.75
22608,PENS ASSORTED FUNKY JEWELED ,0.19
21784,SHOE SHINE BOX ,9.95
22092,BLUE PAISLEY TISSUE BOX,1.25
22735,RIBBON REEL SOCKS AND MITTENS,3.29
21523,DOORMAT FANCY FONT HOME SWEET HOME,8.25
23346,SPACEBOY BEAKER,1.25
21672,WHITE SPOT RED CERAMIC DRAWER KNOB,1.25
47591D,PINK FAIRY CAKE CHILDRENS APRON,1.65
21788,KIDS RAIN MAC BLUE,0.85
22536,MAGIC DRAWING SLATE PURDEY,0.42
22561,WOODEN SCHOOL COLOURING SET,1.65
22474,SPACEBOY TV DINNER TRAY,1.95
90214E,"LETTER ""E"" BLING KEY RING",1.25
23084,RABBIT NIGHT LIGHT,1.79
22844,VINTAGE CREAM DOG FOOD CONTAINER,8.5
22596,CHRISTMAS STAR WISH LIST CHALKBOARD,0.39
46138B,BLUE CHENILLE SHAGGY CUSHION COVER ,0.85
23583,LUNCH BAG PAISLEY PARK  ,1.65
22178,VICTORIAN GLASS HANGING T-LIGHT,1.06
23041,PAPER LANTERN 9 POINT SNOW STAR,4.15
22804,CANDLEHOLDER PINK HANGING HEART,2.95
72802A,ROSE SCENT CANDLE IN JEWELLED BOX,4.25
20750,RED RETROSPOT MINI CASES,7.95
21531,RED RETROSPOT SUGAR JAM BOWL,2.55
72349B,SET/6 PURPLE BUTTERFLY T-LIGHTS,2.1
22698,PINK REGENCY TEACUP AND SAUCER,2.55
23263,SET OF 3 WOODEN HEART DECORATIONS,1.04
22209,WOOD STAMP SET HAPPY BIRTHDAY,0.83
84945,MULTI COLOUR SILVER T-LIGHT HOLDER,0.72
37450,CERAMIC CAKE BOWL + HANGING CAKES,2.95
22305,COFFEE MUG PINK PAISLEY DESIGN,2.55
23153,ZINC SWEETHEART WIRE LETTER RACK,3.75
22849,BREAD BIN DINER STYLE MINT,14.95
90063B,BLACK VINT ART DEC CRYSTAL NECKLACE,8.5
21933,PINK VINTAGE PAISLEY PICNIC BAG,1.65
D,Discount,38.39
85178,VICTORIAN SEWING KIT,1.25
21820,GLITTER HEART GARLAND WITH BELLS ,3.39
23013,GLASS APOTHECARY BOTTLE TONIC,3.95
22919,HERB MARKER MINT,0.65
23205,CHARLOTTE BAG VINTAGE ALPHABET ,0.85
21624,VINTAGE UNION JACK DOORSTOP,5.95
37482P,CUBIC MUG PINK POLKADOT,0.39
22427,ENAMEL FLOWER JUG CREAM,5.45
23002,TRAVEL CARD WALLET SKULLS,0.42
79063C,"RETRO PILL BOX KEY CHAIN,THE KING",0.19
23154,SET OF 4 JAM JAR MAGNETS,2.08
22137,BATHROOM SET LOVE HEART DESIGN,2.95
23458,DOLLY CABINET 3 DRAWERS ,14.95
22574,HEART WOODEN CHRISTMAS DECORATION,0.85
23348,CHILDRENS TOY COOKING UTENSIL SET,1.79
18007,ESSENTIAL BALM 3.5g TIN IN ENVELOPE,0.18
21592,RETROSPOT CIGAR BOX MATCHES ,1.25
22480,RED TEA TOWEL CLASSIC DESIGN,1.25
22757,LARGE RED BABUSHKA NOTEBOOK ,1.25
22747,POPPY'S PLAYHOUSE BATHROOM,2.1
37413,ICON MUG REVOLUTIONARY,0.39
22491,PACK OF 12 COLOURED PENCILS,0.85
22365,DOORMAT RESPECTABLE HOUSE,7.95
85099F,JUMBO BAG STRAWBERRY,1.65
22282,12 EGG HOUSE PAINTED WOOD,12.75
21718,RED METAL BEACH SPADE ,1.25
21523,DOORMAT FANCY FONT HOME SWEET HOME,7.95
84559A,3D SHEET OF DOG STICKERS,0.85
22266,EASTER DECORATION HANGING BUNNY,0.19
21137,BLACK RECORD COVER FRAME,3.75
21985,PACK OF 12 HEARTS DESIGN TISSUES ,0.29
22437,SET OF 9 BLACK SKULL BALLOONS,0.85
23317,BLUE REFECTORY CLOCK ,9.95
21704,BAG 250g SWIRLY MARBLES,0.85
22892,SET OF SALT AND PEPPER TOADSTOOLS,1.25
21987,PACK OF 6 SKULL PAPER CUPS,0.65
21448,12 DAISY PEGS IN WOOD BOX,1.65
23452,HEART MINI PORTRAIT FRAME,1.95
22556,PLASTERS IN TIN CIRCUS PARADE ,1.45
21874,GIN AND TONIC MUG,1.25
22352,LUNCH BOX WITH CUTLERY RETROSPOT ,2.55
22980,PANTRY SCRUBBING BRUSH,1.65
23427,STOOL HOME SWEET HOME ,12.5
84927A,WAKE UP COCKEREL TILE HOOK,2.1
22296,HEART IVORY TRELLIS LARGE,1.65
22215,CAKE STAND WHITE TWO TIER LACE,8.5
23446,BLUE BUNNY EASTER EGG BASKET,1.65
84660C,PINK STITCHED WALL CLOCK,3.75
22536,MAGIC DRAWING SLATE PURDEY,0.27
90082A,DIAMANTE BOW BROOCH GREEN COLOUR,6.35
47471,RAINBOW PEGS PHOTO CLIP STRING,0.65
22776,SWEETHEART 3 TIER CAKE STAND ,9.95
21068,VINTAGE BILLBOARD LOVE/HATE MUG,1.25
17012B,ORIGAMI JASMINE INCENSE/CANDLE SET,2.55
22348,TEA BAG PLATE RED RETROSPOT,0.85
21935,SUKI  SHOULDER BAG,1.65
23435,3 RAFFIA RIBBONS VINTAGE CHRISTMAS,0.79
21340,CLASSIC METAL BIRDCAGE PLANT HOLDER,12.75
70006,LOVE HEART POCKET WARMER,0.42
22848,BREAD BIN DINER STYLE PINK,16.95
35965,FOLKART HEART NAPKIN RINGS,0.79
22399,MAGNETS PACK OF 4 CHILDHOOD MEMORY,1.25
84659A,WHITE TRAVEL ALARM CLOCK,2.55
84826,ASSTD DESIGN 3D PAPER STICKERS,0.0
22297,HEART IVORY TRELLIS SMALL,1.25
21328,BALLOONS  WRITING SET ,1.65
84976,RECTANGULAR SHAPED MIRROR,0.79
22708,WRAP DOLLY GIRL,0.42
23109,PACK OF SIX LED TEA LIGHTS,2.89
21977,PACK OF 60 PINK PAISLEY CAKE CASES,0.42
22906,12 MESSAGE CARDS WITH ENVELOPES,1.65
22027,TEA PARTY BIRTHDAY CARD,0.42
85135C,RED DRAGONFLY HELICOPTER,7.95
84877D,BLUE ROUND COMPACT MIRROR,1.25
21398,RED POLKADOT COFFEE  MUG,2.1
22654,DELUXE SEWING KIT ,5.95
85059,FRENCH ENAMEL WATER BASIN,1.25
22116,METAL SIGN HIS DINNER IS SERVED,0.79
23505,PLAYING CARDS I LOVE LONDON ,1.25
20766,GARDEN PATH SKETCHBOOK,3.75
85130B,BEADED CRYSTAL HEART GREEN LARGE,0.79
22349,DOG BOWL CHASING BALL DESIGN,3.75
23444,Next Day Carriage,15.0
22293,HANGING CHICK GREEN DECORATION,1.45
84970L,SINGLE HEART ZINC T-LIGHT HOLDER,1.25
22409,MONEY BOX BISCUITS DESIGN,1.25
85173,SET/6 FROG PRINCE T-LIGHT CANDLES,2.55
21340,CLASSIC METAL BIRDCAGE PLANT HOLDER,9.95
21874,GIN AND TONIC MUG,1.65
23111,PARISIENNE SEWING BOX,12.5
22768,FAMILY PHOTO FRAME CORNICE,9.95
23335,EGG FRYING PAN IVORY ,2.08
22113,GREY HEART HOT WATER BOTTLE,3.75
22188,BLACK HEART CARD HOLDER,3.95
22585,PACK OF 6 BIRDY GIFT TAGS,1.25
22435,SET OF 9 HEART SHAPED BALLOONS,1.25
23100,SILVER BELLS TABLE DECORATION,1.25
84559B,3D SHEET OF CAT STICKERS,0.85
22569,FELTCRAFT CUSHION BUTTERFLY,3.75
21756,BATH BUILDING BLOCK WORD,5.95
21466,RED FLOWER CROCHET FOOD COVER,3.75
23494,VINTAGE DOILY DELUXE SEWING KIT ,5.95
90131,PINK/AMETHYST/GOLD NECKLACE,6.95
85023B,EAU DE NILE JEWELLED PHOTOFRAME,2.55
90030B,RED KUKUI COCONUT SEED NECKLACE,1.0
23247,BISCUIT TIN 50'S CHRISTMAS,5.79
84997B,CHILDRENS CUTLERY RETROSPOT RED ,4.15
22840,ROUND CAKE TIN VINTAGE RED,7.95
22622,BOX OF VINTAGE ALPHABET BLOCKS,9.95
23371,SET 36 COLOUR PENCILS SPACEBOY ,1.25
23015,CORDIAL GLASS JUG,8.25
21064,BOOM BOX SPEAKER BOYS,5.95
85027L,FRENCH CHATEAU LARGE PLATTER ,1.95
23232,WRAP VINTAGE LEAF DESIGN,0.42
23329,DECORATIVE WICKER HEART LARGE,1.65
22271,FELTCRAFT DOLL ROSIE,2.95
22288,HANGING METAL RABBIT DECORATION,1.25
23314,VINTAGE CHRISTMAS TABLECLOTH,12.5
22419,LIPSTICK PEN RED,0.42
21870,I CAN ONLY PLEASE ONE PERSON MUG,1.25
23481,PEARLISED IVORY HEART SMALL ,1.25
72800C,4 PINK DINNER CANDLE SILVER FLOCK,2.55
23094,LE GRAND TRAY CHIC SET,12.5
84581,DOG TOY WITH PINK CROCHET SKIRT,3.75
22578,WOODEN STAR CHRISTMAS SCANDINAVIAN,0.29
15039,SANDALWOOD FAN,0.85
85114C,RED ENCHANTED FOREST PLACEMAT,1.65
22984,CARD GINGHAM ROSE ,0.83
22815,CARD PSYCHEDELIC APPLES,0.42
21915,RED  HARMONICA IN BOX ,1.06
85206A,CREAM FELT EASTER EGG BASKET,1.65
23404,HOME SWEET HOME BLACKBOARD,4.95
85032D,YULETIDE IMAGES GIFT WRAP SET,0.65
84875B,GREEN SQUARE COMPACT MIRROR,1.25
22558,CLOTHES PEGS RETROSPOT PACK 24 ,3.29
22544,MINI JIGSAW SPACEBOY,0.83
22713,CARD I LOVE LONDON ,0.42
22324,BLUE POLKADOT KIDS BAG,1.95
22030,SWALLOWS GREETING CARD,0.42
20770,ABSTRACT CIRCLE JOURNAL ,2.55
23300,GARDENERS KNEELING PAD CUP OF TEA ,3.29
23023,RIDGED BONNE JAM JAR T-LIGHT HOLDER,1.65
22928,YELLOW GIANT GARDEN THERMOMETER,12.46
84949,SILVER HANGING T-LIGHT HOLDER,1.65
22974,CHILDRENS DOLLY GIRL MUG,1.65
20972,PINK CREAM FELT CRAFT TRINKET BOX ,1.25
22335,HEART DECORATION PAINTED ZINC ,0.55
21055,TOOL BOX SOFT TOY ,8.95
22575,METAL MERRY CHRISTMAS WREATH,1.95
20931,BLUE POT PLANT CANDLE ,2.95
20837,FRENCH FLORAL CUSHION COVER ,0.83
22440,BALLOON WATER BOMB PACK OF 35,0.42
22849,BREAD BIN DINER STYLE MINT,16.95
21499,BLUE POLKADOT WRAP,0.42
23236,STORAGE TIN VINTAGE DOILY ,2.89
22402,MAGNETS PACK OF 4 VINTAGE COLLAGE,0.39
23009,I LOVE LONDON BABY GIFT SET,14.95
22597,MUSICAL ZINC HEART DECORATION ,0.29
23472, NINE DRAWER OFFICE TIDY,14.95
84748,FOLK FELT HANGING MULTICOL GARLAND,3.75
21352,EUCALYPTUS & PINECONE  WREATH,6.75
23266,SET OF 3 WOODEN STOCKING DECORATION,2.46
16219,HOUSE SHAPE PENCIL SHARPENER,0.06
22635,CHILDS BREAKFAST SET DOLLY GIRL ,9.95
21090,SET/6 COLLAGE PAPER PLATES,0.39
23426,METAL SIGN DROP YOUR PANTS,2.89
85159B,"WHITE TEA,COFFEE,SUGAR JARS",1.95
85104,SILVER GLASS T-LIGHT SET,1.25
21584,RETROSPOT SMALL TUBE MATCHES,1.65
23148,MINIATURE ANTIQUE ROSE HOOK IVORY,0.83
23290,SPACEBOY CHILDRENS BOWL,1.25
35911A,MULTICOLOUR RABBIT EGG WARMER,0.83
22178,VICTORIAN GLASS HANGING T-LIGHT,1.95
85032C,CURIOUS IMAGES GIFT WRAP SET,2.1
22023,EMPIRE BIRTHDAY CARD,0.42
47481,50CM METAL STRING WITH  7 CLIPS,0.85
22805,BLUE DRAWER KNOB ACRYLIC EDWARDIAN,1.25
22450,SILK PURSE BABUSHKA BLUE,3.35
22278,OVERNIGHT BAG VINTAGE ROSE PAISLEY,4.95
22211,WOOD STAMP SET FLOWERS,0.83
22098,BOUDOIR SQUARE TISSUE BOX,0.39
22268,DECORATION SITTING BUNNY,0.19
22047,EMPIRE GIFT WRAP,0.42
47559B,TEA TIME OVEN GLOVE,1.25
22983,CARD BILLBOARD FONT,0.42
20713,JUMBO BAG OWLS,1.79
22562,MONSTERS STENCIL CRAFT,2.46
22669,RED BABY BUNTING ,2.95
21358,TOAST ITS - HAPPY BIRTHDAY,1.25
85169A,IVORY LOVE BIRD CANDLE,1.25
22797,CHEST OF DRAWERS GINGHAM HEART ,33.29
20719,WOODLAND CHARLOTTE BAG,0.85
22055,MINI CAKE STAND  HANGING STRAWBERY,1.65
22732,3D VINTAGE CHRISTMAS STICKERS ,2.46
22353,LUNCH BOX WITH CUTLERY FAIRY CAKES ,2.55
21181,PLEASE ONE PERSON METAL SIGN,1.85
22142,CHRISTMAS CRAFT WHITE FAIRY ,1.45
46000R,POLYESTER FILLER PAD 45x30cm,1.45
84686,BEACH HUT MIRROR,4.25
22551,PLASTERS IN TIN SPACEBOY,1.45
21479,WHITE SKULL HOT WATER BOTTLE ,3.75
21810,CHRISTMAS HANGING STAR WITH BELL,0.39
22630,DOLLY GIRL LUNCH BOX,4.13
22485,SET OF 2 WOODEN MARKET CRATES,12.75
POST,POSTAGE,80.0
84997C,BLUE 3 PIECE POLKADOT CUTLERY SET,4.15
22991,GIRAFFE WOODEN RULER,1.65
22961,JAM MAKING SET PRINTED,3.29
85099F,JUMBO BAG STRAWBERRY,2.08
20979,36 PENCILS TUBE RED RETROSPOT,1.25
84881,BLUE WIRE SPIRAL CANDLE HOLDER,6.35
21278,VINTAGE KITCHEN PRINT PUDDINGS,2.55
40016,CHINESE DRAGON PAPER LANTERNS,0.25
90151,SILVER/NATURAL SHELL NECKLACE,8.5
22190,LOCAL CAFE MUG,2.1
22649,STRAWBERRY FAIRY CAKE TEAPOT,4.95
21363,HOME SMALL WOOD LETTERS,4.95
23557,LANDMARK FRAME BAKER STREET ,12.5
21928,JUMBO BAG SCANDINAVIAN BLUE PAISLEY,1.79
84378,SET OF 3 HEART COOKIE CUTTERS,2.46
21793,CLASSIC FRENCH STYLE BASKET BROWN,3.95
21155,RED RETROSPOT PEG BAG,2.55
22557,PLASTERS IN TIN VINTAGE PAISLEY ,1.65
79000,MOROCCAN TEA GLASS,0.65
22774,RED DRAWER KNOB ACRYLIC EDWARDIAN,1.06
22695,WICKER WREATH SMALL,1.45
22572,ROCKING HORSE GREEN CHRISTMAS ,0.85
21986,PACK OF 12 PINK POLKADOT TISSUES,0.39
23436,VINTAGE CHRISTMAS GIFT BAG LARGE ,1.25
22558,CLOTHES PEGS RETROSPOT PACK 24 ,1.25
18097A,PINK TALL PORCELAIN T-LIGHT HOLDER ,2.55
22133,PINK LOVE HEART SHAPE CUP,0.85
23161,REGENCY CAKE FORK,1.04
21293,MIRRORED DOVE WALL DECORATION,2.1
20696,FLORAL SOFT CAR TOY,3.75
21408,SPOTTY PINK DUCK DOORSTOP,1.95
21439,BASKET OF TOADSTOOLS,1.25
22530,MAGIC DRAWING SLATE DOLLY GIRL ,0.42
21903,MAN FLU METAL SIGN,2.1
22855,FINE WICKER HEART ,1.06
21832,CHOCOLATE CALCULATOR,1.65
22628,PICNIC BOXES SET OF 3 RETROSPOT ,4.95
22232,JIGSAW TOADSTOOLS 3 PIECE,0.59
17084N,FAIRY DREAMS INCENSE ,0.21
22841,ROUND CAKE TIN VINTAGE GREEN,7.95
21791,VINTAGE HEADS AND TAILS CARD GAME ,1.25
71477,COLOUR GLASS. STAR T-LIGHT HOLDER,6.63
23480,MINI LIGHTS WOODLAND MUSHROOMS,3.75
21755,LOVE BUILDING BLOCK WORD,6.25
22703,PINK CAT BOWL,2.4
22905,CALENDAR IN SEASON DESIGN,2.95
22795,SWEETHEART RECIPE BOOK STAND,6.75
85099C,JUMBO  BAG BAROQUE BLACK WHITE,2.08
22579,WOODEN TREE CHRISTMAS SCANDINAVIAN,1.63
22325,MOBILE VINTAGE HEARTS ,4.95
21619,4 VANILLA BOTANICAL CANDLES,3.75
84800L,LARGE WHITE/PINK ROSE ART FLOWER,2.12
22935,BAKING MOULD ROSE MILK CHOCOLATE,3.25
22543,MINI JIGSAW BAKE A CAKE ,0.42
22372,AIRLINE BAG VINTAGE WORLD CHAMPION ,4.25
22653,BUTTON BOX ,1.95
23108,SET OF 10 LED DOLLY LIGHTS,5.39
23109,LED TEA LIGHTS,2.89
22520,CHILDS GARDEN TROWEL BLUE ,0.85
23333,IVORY WICKER HEART MEDIUM,1.25
M,Manual,280.05
22997,TRAVEL CARD WALLET UNION JACK,0.42
47580,TEA TIME DES TEA COSY,2.55
21232,STRAWBERRY CERAMIC TRINKET POT,1.25
23100,SILVER BELLS TABLE DECORATION,1.04
22037,ROBOT BIRTHDAY CARD,0.42
47566B,TEA TIME PARTY BUNTING,4.65
22526,WHEELBARROW FOR CHILDREN ,12.75
22457,NATURAL SLATE HEART CHALKBOARD ,2.55
21673,WHITE SPOT BLUE CERAMIC DRAWER KNOB,1.45
21754,HOME BUILDING BLOCK WORD,5.45
21636,MADRAS NOTEBOOK MEDIUM,0.75
82613B,"METAL SIGN,CUPCAKE SINGLE HOOK",1.25
11001,ASSTD DESIGN RACING CAR PEN,1.69
21260,FIRST AID TIN,3.25
22883,NUMBER TILE VINTAGE FONT 4,2.17
22898,CHILDRENS APRON APPLES DESIGN,1.95
23068,ALUMINIUM STAMPED HEART,2.49
84380,SET OF 3 BUTTERFLY COOKIE CUTTERS,1.45
22423,REGENCY CAKESTAND 3 TIER,10.95
84832,ZINC WILLIE WINKIE  CANDLE STICK,0.85
23193,BUFFALO BILL TREASURE BOOK BOX,4.58
22595,GINGHAM HEART DECORATION,0.85
22767,TRIPLE PHOTO FRAME CORNICE ,9.95
23175,REGENCY MILK JUG PINK ,3.25
22517,CHILDS GARDEN RAKE PINK,2.1
84929,ASSTD FRUIT+FLOWERS FRIDGE MAGNETS,0.55
85132A,CHARLIE + LOLA BISCUITS TINS,1.95
21206,STRAWBERRY HONEYCOMB  GARLAND ,1.45
22622,BOX OF VINTAGE ALPHABET BLOCKS,11.95
20711,JUMBO BAG TOYS ,1.65
21071,VINTAGE BILLBOARD DRINK ME MUG,1.25
21506,"FANCY FONT BIRTHDAY CARD, ",0.42
22665,RECIPE BOX BLUE SKETCHBOOK DESIGN,5.79
22784,LANTERN CREAM GAZEBO ,4.95
21908,CHOCOLATE THIS WAY METAL SIGN,2.1
84819,DANISH ROSE ROUND SEWING BOX,4.25
22425,ENAMEL COLANDER CREAM,4.95
22600,CHRISTMAS RETROSPOT STAR WOOD,0.85
23324,RUSTIC STRAWBERRY JAM POT LARGE ,2.08
21905,MORE BUTTER METAL SIGN ,0.79
21447,12 IVORY ROSE PEG PLACE SETTINGS,1.25
22934,BAKING MOULD EASTER EGG WHITE CHOC,2.95
84706F,RED PEONY TABLE CLOCK,2.95
21195,PINK  HONEYCOMB PAPER BALL ,2.1
21117,BLOND DOLL DOORSTOP,6.75
21745,GAOLERS KEYS DECORATIVE GARDEN ,8.29
21980,PACK OF 12 RED RETROSPOT TISSUES ,0.29
22839,3 TIER CAKE TIN GREEN AND CREAM,14.95
23287,RED VINTAGE SPOT BEAKER,0.85
22465,HANGING METAL STAR LANTERN,0.79
85034A,3 GARDENIA MORRIS BOXED CANDLES,1.25
23354,6 GIFT TAGS 50'S CHRISTMAS ,0.83
22342,HOME GARLAND PAINTED ZINC ,0.75
35923,CANDY HEART HANGING DECORATION,0.39
22327,ROUND SNACK BOXES SET OF 4 SKULLS,2.55
23027,DRAWER KNOB VINTAGE GLASS HEXAGON,2.08
15058B,PINK POLKADOT GARDEN PARASOL,6.75
17003,BROCADE RING PURSE ,0.29
21174,POTTERING IN THE SHED METAL SIGN,2.39
22115,METAL SIGN EMPIRE TEA,0.79
84968C,SET OF 16 VINTAGE PISTACHIO CUTLERY,12.75
84032B,CHARLIE + LOLA RED HOT WATER BOTTLE,2.95
22063,CERAMIC BOWL WITH STRAWBERRY DESIGN,2.95
48188,DOORMAT WELCOME PUPPIES,7.95
22434,BALLOON PUMP WITH 10 BALLOONS,1.95
23308,SET OF 60 VINTAGE LEAF CAKE CASES ,1.25
22984,CARD GINGHAM ROSE ,0.42
22979,PANTRY WASHING UP BRUSH,1.45
23207,LUNCH BAG ALPHABET DESIGN,1.45
22626,BLACK KITCHEN SCALES,8.5
16045,POPART WOODEN PENCILS ASST,0.04
21231,SWEETHEART CERAMIC TRINKET BOX,1.25
23093,SMALL PARISIENNE HEART PHOTO FRAME ,2.08
22103,MIRROR MOSAIC T-LIGHT HOLDER ROUND,1.32
21508,VINTAGE KID DOLLY CARD ,0.42
22151,PLACE SETTING WHITE HEART,0.42
84509A,SET OF 4 ENGLISH ROSE PLACEMATS,3.75
23342,MINT DINER WALL CLOCK,8.5
23252,VINTAGE RED ENAMEL TRIM JUG ,3.75
72586,SET OF 6 HALLOWEEN GHOST T-LIGHTS,0.42
22578,WOODEN STAR CHRISTMAS SCANDINAVIAN,0.85
21791,VINTAGE HEADS AND TAILS CARD GAME ,2.46
20764,ABSTRACT CIRCLES SKETCHBOOK ,3.75
23267,SET OF 4 SANTA PLACE SETTINGS,1.25
21035,SET/2 RED RETROSPOT TEA TOWELS ,2.95
22930,BAKING MOULD HEART MILK CHOCOLATE,2.55
22803,IVORY EMBROIDERED QUILT ,39.95
72817,SET OF 2 CHRISTMAS DECOUPAGE CANDLE,0.79
21668,RED STRIPE CERAMIC DRAWER KNOB,1.45
22482,BLUE TEA TOWEL CLASSIC DESIGN,1.25
23399,HOME SWEET HOME HANGING HEART,0.85
21875,KINGS CHOICE MUG,1.25
21285,RETROSPOT CANDLE  MEDIUM,4.13
22469,HEART OF WICKER SMALL,1.45
21263,GREEN GOOSE FEATHER TREE 60CM,1.95
23036,T-LIGHT HOLDER SILVER PETIT FOUR ,1.25
21422,PORCELAIN ROSE SMALL,0.85
22686,FRENCH BLUE METAL DOOR SIGN No,1.25
22775,PURPLE DRAWERKNOB ACRYLIC EDWARDIAN,1.25
23168,CLASSIC CAFE SUGAR DISPENSER,1.04
22254,FELT TOADSTOOL LARGE,1.25
22244,3 HOOK HANGER MAGIC GARDEN,1.95
82613C,"METAL SIGN,CUPCAKE SINGLE HOOK",1.25
23485,BOTANICAL GARDENS WALL CLOCK ,25.0
21379,CAMPHOR WOOD PORTOBELLO MUSHROOM,1.25
23564,EGG CUP MILKMAID INGRID,1.25
10135,COLOURING PENCILS BROWN TUBE,1.25
22307,GOLD MUG BONE CHINA TREE OF LIFE,1.06
22756,LARGE YELLOW BABUSHKA NOTEBOOK ,0.39
51014A,"FEATHER PEN,HOT PINK",0.39
23168,CLASSIC CAFE SUGAR DISPENSER,1.25
22692,DOORMAT WELCOME TO OUR HOME,8.25
22531,MAGIC DRAWING SLATE CIRCUS PARADE  ,0.42
23128,FELTCRAFT BOY JEAN-PAUL KIT,4.95
21890,S/6 WOODEN SKITTLES IN COTTON BAG,3.25
23347,I LOVE LONDON BEAKER,1.25
23579,SNACK TRAY I LOVE LONDON,1.95
21872,GLAMOROUS  MUG,3.29
23302,KNEELING MAT HOUSEWORK  DESIGN,1.65
21629,SQUARE FLOOR CUSHION VINTAGE RED,7.95
23393,HOME SWEET HOME CUSHION COVER ,3.75
48185,DOORMAT FAIRY CAKE,8.25
22858,EASTER TIN KEEPSAKE,1.65
21872,GLAMOROUS  MUG,1.25
23108,SET OF 10 LED DOLLY LIGHTS,6.25
85231G,ORANGE SCENTED SET/9 T-LIGHTS,0.72
84997B,RED 3 PIECE RETROSPOT CUTLERY SET,3.75
21937,STRAWBERRY   PICNIC BAG,2.55
47566,PARTY BUNTING,4.15
85014B,RED RETROSPOT UMBRELLA,5.95
23075,DOUBLE CERAMIC PARLOUR HOOK,4.15
21374,MIRRORED WALL ART SKULLS,1.25
21258,VICTORIAN SEWING BOX LARGE,10.95
22820,GIFT BAG BIRTHDAY,0.65
85104,SILVER GLASS T-LIGHT SET,5.79
23275,SET OF 3 HANGING OWLS OLLIE BEAK,1.04
20970,PINK FLORAL FELTCRAFT SHOULDER BAG,3.75
22188,BLACK HEART CARD HOLDER,2.31
23365,SET 12 COLOUR PENCILS LOVE LONDON,0.65
23264,SET OF 3 WOODEN SLEIGH DECORATIONS,1.25
79030G,TUMBLER NEW ENGLAND,0.39
20831,GOLD PHOTO FRAME,2.1
22859,EASTER TIN BUNNY BOUQUET,1.65
20966,SANDWICH BATH SPONGE,1.25
37479P,CUBIC MUG FLOCK PINK ON BROWN,2.55
84678,CLASSICAL ROSE SMALL VASE,2.55
22078,RIBBON REEL LACE DESIGN ,2.1
23372,SET 36 COLOUR PENCILS DOLLY GIRL,1.25
M,Manual,2.1
21930,JUMBO STORAGE BAG SKULLS,1.95
22383,LUNCH BAG SUKI DESIGN ,1.45
20801,LARGE PINK GLASS SUNDAE DISH,0.75
22396,MAGNETS PACK OF 4 RETRO PHOTO,0.39
85135A,YELLOW DRAGONFLY HELICOPTER,7.95
23274,STAR T-LIGHT HOLDER WILLIE WINKIE,1.65
M,Manual,6.95
90184C,BLACK CHUNKY BEAD BRACELET W STRAP,8.95
21259,VICTORIAN SEWING BOX SMALL ,5.95
23559,WOODLAND BUNNIES LOLLY MAKERS,2.08
21773,DECORATIVE ROSE BATHROOM BOTTLE,0.42
37448,CERAMIC CAKE DESIGN SPOTTED MUG,1.49
21033,JUMBO BAG CHARLIE AND LOLA TOYS,2.95
85186C,BUNNY EGG GARLAND,0.42
21631,HIPPY CHIC DECORATIVE PARASOL,12.75
23084,RABBIT NIGHT LIGHT,4.13
85232A,SET/3 POLKADOT STACKING TINS,4.95
79190B,RETRO PLASTIC POLKA TRAY,0.42
22186,RED STAR CARD HOLDER,2.95
23135,SMALL ZINC HEART WALL ORGANISER,5.75
22652,TRAVEL SEWING KIT,1.65
23054,RECYCLED ACAPULCO MAT LAVENDER,8.25
23470,CARD HOLDER LOVE BIRD LARGE ,5.39
84535B,FAIRY CAKES NOTEBOOK A6 SIZE,0.65
22573,STAR WOODEN CHRISTMAS DECORATION,0.85
90160A,PURPLE BOUDICCA LARGE BRACELET,6.95
22770,MIRROR CORNICE,14.95
21175,GIN + TONIC DIET METAL SIGN,2.1
22498,WOODEN REGATTA BUNTING,5.95
21110,LARGE CAKE TOWEL PINK SPOTS,6.75
23237,SET OF 4 KNICK KNACK TINS LEAF,4.15
22148,EASTER CRAFT 4 CHICKS ,1.95
21881,CUTE CATS TAPE,0.19
22576,SWALLOW WOODEN CHRISTMAS DECORATION,0.85
21993,FLORAL FOLK STATIONERY SET,1.25
21808,"CHRISTMAS GARLAND STARS,TREES",3.75
22097,SWALLOW SQUARE TISSUE BOX,0.39
22587,FELTCRAFT HAIRBAND RED AND BLUE,0.85
23513,EMBROIDERED RIBBON REEL SUSIE ,2.08
16218,CARTOON  PENCIL SHARPENERS,0.16
22913,RED COAT RACK PARIS FASHION,4.95
23319,BOX OF 6 MINI 50'S CRACKERS,2.08
21122,SET/10 PINK POLKADOT PARTY CANDLES,1.25
22738,RIBBON REEL SNOWY VILLAGE,1.65
23131,MISTLETOE HEART WREATH CREAM,4.15
22548,HEADS AND TAILS SPORTING FUN,1.25
22643,SET OF 4 NAPKIN CHARMS LEAVES   ,2.55
20685,DOORMAT RED RETROSPOT,8.25
21395,BLUE POLKADOT BEAKER ,0.39
23536,VILLAGE SHOW WALL ART,5.95
85185B,PINK HORSE SOCK PUPPET,2.95
22792,FLUTED ANTIQUE CANDLE HOLDER,0.85
22065,CHRISTMAS PUDDING TRINKET POT ,0.39
23408,PHOTO FRAME LINEN AND LACE SMALL,2.08
21061,PARTY INVITES FOOTBALL,0.85
22154,ANGEL DECORATION 3 BUTTONS ,0.42
84563A,PINK & WHITE BREAKFAST TRAY,2.95
23473,WOODLAND SMALL RED FELT HEART,0.83
22564,ALPHABET STENCIL CRAFT,1.25
51014C,"FEATHER PEN,COAL BLACK",0.85
23434,3 RAFFIA RIBBONS 50'S CHRISTMAS ,2.08
85170D,SET/6 PINK BIRD T-LIGHT CANDLES,2.1
22960,JAM MAKING SET WITH JARS,8.29
22066,LOVE HEART TRINKET POT,0.39
84992,72 SWEETHEART FAIRY CAKE CASES,0.55
21468,BUTTERFLY CROCHET FOOD COVER,3.75
85125,SMALL ROUND CUT GLASS CANDLESTICK,4.95
16237,SLEEPING CAT ERASERS,0.21
21473,SWEETHEART CREAM STEEL TABLE RECT,19.95
23013,GLASS APOTHECARY BOTTLE TONIC,3.45
21159,MOODY BOY  DOOR HANGER ,0.39
23681,LUNCH BAG RED VINTAGE DOILY,1.65
22785,SQUARECUSHION COVER PINK UNION FLAG,6.75
21065,BOOM BOX SPEAKER GIRLS,5.95
22842,BISCUIT TIN VINTAGE RED,6.75
84884A,ANT WHITE WIRE HEART SPIRAL,3.95
85131A,BEADED PEARL HEART WHITE ON STICK,1.25
23691,KEEP CALM BIRTHDAY WRAP,0.42
20996,JAZZ HEARTS ADDRESS BOOK,0.19
90185B,AMETHYST DIAMANTE EXPANDABLE RING,4.25
21250,SET OF SKULL WALL STICKERS,2.95
21735,TWO DOOR CURIO CABINET,12.75
51014A,"FEATHER PEN,HOT PINK",0.85
84031A,CHARLIE+LOLA RED HOT WATER BOTTLE ,4.13
22236,CAKE STAND 3 TIER MAGIC GARDEN,12.75
85061W,WHITE JEWELLED HEART DECORATION,0.85
85159B,"WHITE TEA,COFFEE,SUGAR JARS",1.25
22438,BALLOON ART MAKE YOUR OWN FLOWERS,1.95
22529,MAGIC DRAWING SLATE GO TO THE FAIR ,0.42
48111,DOORMAT 3 SMILEY CATS,8.25
72803A,ROSE SCENT CANDLE JEWELLED DRAWER,4.25
22266,EASTER DECORATION HANGING BUNNY,0.65
22406,MONEY BOX KINGS CHOICE DESIGN,1.25
22625,RED KITCHEN SCALES,7.65
84596L,BISCUITS SMALL BOWL LIGHT BLUE,0.42
22267,EASTER DECORATION EGG BUNNY ,0.39
21078,SET/20 STRAWBERRY PAPER NAPKINS ,0.85
23486,ANTIQUE HEART SHELF UNIT,16.65
21932,SCANDINAVIAN PAISLEY PICNIC BAG,2.95
22443,GROW YOUR OWN HERBS SET OF 3,7.95
23551,PACK OF 12 PAISLEY PARK TISSUES ,0.39
51014L,"FEATHER PEN,LIGHT PINK",0.39
22390,PAPERWEIGHT CHILDHOOD MEMORIES,2.55
21163,DO NOT TOUCH MY STUFF DOOR HANGER ,1.45
23515,EMBROIDERED RIBBON REEL DAISY ,2.08
22134,MINI LADLE LOVE HEART RED ,0.42
21992,VINTAGE PAISLEY STATIONERY SET,2.95
21371,MIRRORED WALL ART POPPIES,2.55
22204,MILK PAN BLUE POLKADOT,3.75
22917,HERB MARKER ROSEMARY,0.65
85150,LADIES & GENTLEMEN METAL SIGN,2.1
23222,CHRISTMAS TREE HANGING GOLD,0.83
22832,BROCANTE SHELF WITH HOOKS,10.75
21035,SET/2 RED RETROSPOT TEA TOWELS ,3.25
23237,SET OF 4 KNICK KNACK TINS LEAVES ,4.15
22472,TV DINNER TRAY DOLLY GIRL,4.95
22385,JUMBO BAG SPACEBOY DESIGN,1.95
23409,PHOTO FRAME LINEN AND LACE LARGE,3.75
22887,NUMBER TILE VINTAGE FONT 8,1.95
22620,4 TRADITIONAL SPINNING TOPS,1.45
22107,PIZZA PLATE IN BOX,3.29
21429,RED GINGHAM ROSE JEWELLERY BOX,1.95
22139,RETROSPOT TEA SET CERAMIC 11 PC ,4.25
84755,COLOUR GLASS T-LIGHT HOLDER HANGING,0.55
21320,GLASS CHALICE GREEN  LARGE ,0.79
22891,TEA FOR ONE POLKADOT,4.25
21175,GIN AND TONIC DIET METAL SIGN,2.55
22948,METAL DECORATION NAUGHTY CHILDREN ,0.85
21975,PACK OF 60 DINOSAUR CAKE CASES,0.42
72807A,SET/3 ROSE CANDLE IN JEWELLED BOX,4.25
23476,WOODLAND LARGE RED FELT HEART,1.25
20749,ASSORTED COLOUR MINI CASES,6.35
21770,OPEN CLOSED METAL SIGN,4.95
21080,SET/20 RED RETROSPOT PAPER NAPKINS ,0.64
21084,SET/6 COLLAGE PAPER CUPS,0.19
21896,POTTING SHED TWINE,2.1
23425,STORAGE TIN HOME SWEET HOME,2.49
75049L,LARGE CIRCULAR MIRROR MOBILE,1.25
22475,SKULL DESIGN TV DINNER TRAY,4.95
72741,GRAND CHOCOLATECANDLE,1.25
84789,ENCHANTED BIRD PLANT CAGE,3.75
23165,LARGE CERAMIC TOP STORAGE JAR,1.65
47503A,ASS FLORAL PRINT MULTI SCREWDRIVER,1.25
22545,MINI JIGSAW BUNNIES,0.42
23374,RED SPOT PAPER GIFT BAG,0.82
85180B,PINK HEARTS LIGHT CHAIN ,4.65
84968A,SET OF 16 VINTAGE ROSE CUTLERY,12.75
23192,BUNDLE OF 3 ALPHABET EXERCISE BOOKS,1.45
21424,WOODLAND STORAGE BOX LARGE ,2.95
22973,CHILDREN'S CIRCUS PARADE MUG,1.65
21955,DOORMAT UNION JACK GUNS AND ROSES,7.95
22680,FRENCH BLUE METAL DOOR SIGN 5,1.25
22664,TOY TIDY DOLLY GIRL DESIGN,2.1
23462,ROCOCO WALL MIRROR WHITE,19.95
35649,VINTAGE BEAD COSMETIC BAG ,3.35
90125D,PURPLE BERTIE GLASS BEAD BAG CHARM,0.85
20679,EDWARDIAN PARASOL RED,5.95
23263,SET OF 3 WOODEN HEART DECORATIONS,2.5
22902,TOTE BAG I LOVE LONDON,2.1
23067,HANGING ENGRAVED METAL HEART,4.15
48129,DOORMAT TOPIARY,7.95
22592,CARDHOLDER HOLLY WREATH METAL,3.75
23033,DRAWER KNOB CERAMIC RED,1.45
21715,GIRLS VINTAGE TIN SEASIDE BUCKET,2.55
18098C,PORCELAIN BUTTERFLY OIL BURNER,2.95
22550,HOLIDAY FUN LUDO,3.75
22567,20 DOLLY PEGS RETROSPOT,1.45
21981,PACK OF 12 WOODLAND TISSUES ,0.39
21455,PAINTED YELLOW WOODEN DAISY,0.85
22778,GLASS CLOCHE SMALL,3.95
22081,RIBBON REEL FLORA + FAUNA ,1.65
21359,RELAX LARGE WOOD LETTERS,15.95
22500,SET OF 2 TINS JARDIN DE PROVENCE,4.95
22615,PACK OF 12 CIRCUS PARADE TISSUES ,0.39
21988,PACK OF 6 SKULL PAPER PLATES,0.85
21620,SET OF 4 ROSE BOTANICAL CANDLES,3.75
15060B,FAIRY CAKE DESIGN UMBRELLA,3.75
23300,GARDENERS KNEELING PAD CUP OF TEA ,1.45
22483,RED GINGHAM TEDDY BEAR ,2.95
20694,FLORAL PINK MONSTER,3.75
23502,PLAYING CARDS VINTAGE DOILY ,1.25
23451,SQUARE MINI PORTRAIT FRAME,1.95
21984,PACK OF 12 PINK PAISLEY TISSUES ,0.39
23568,EGG CUP HENRIETTA HEN CREAM ,1.25
21794,CLASSIC FRENCH STYLE BASKET NATURAL,3.95
23123,COCKTAIL SWORDS 50 PIECES,0.83
21110,LARGE CAKE TOWEL PINK SPOTS,1.95
23110,PARISIENNE KEY CABINET ,5.75
23214,JINGLE BELL HEART ANTIQUE GOLD,2.08
21819,GLITTER CHRISTMAS STAR ,0.39
22646,CERAMIC STRAWBERRY CAKE MONEY BANK,0.39
23407,SET OF 2 TRAYS HOME SWEET HOME,9.95
22375,AIRLINE BAG VINTAGE JET SET BROWN,4.25
22109,FULL ENGLISH BREAKFAST PLATE,3.39
22645,CERAMIC HEART FAIRY CAKE MONEY BANK,3.29
22956,36 FOIL HEART CAKE CASES,2.1
35265,COLOURFUL FLOWER FRUIT BOWL,6.95
21042,RED RETROSPOT APRON ,5.95
23348,CHILDRENS TOY COOKING UTENSIL SET,2.08
22152,PLACE SETTING WHITE STAR,0.42
23543,KEEP CALM WALL ART ,8.25
22812,PACK 3 BOXES CHRISTMAS PANNETONE,1.95
22616,PACK OF 12 LONDON TISSUES ,0.39
21561,DINOSAUR LUNCH BOX WITH CUTLERY,2.55
21191,LARGE WHITE HONEYCOMB PAPER BELL  ,1.69
22306,SILVER MUG BONE CHINA TREE OF LIFE,1.06
23461,SWEETHEART BIRD HOUSE,4.15
22674,FRENCH TOILET SIGN BLUE METAL,1.25
21677,HEARTS  STICKERS,0.85
21829,DINOSAUR KEYRINGS ASSORTED,0.21
21401,BLUE PUDDING SPOON,0.12
21224,SET/4 SKULL BADGES,1.25
22135,MINI LADLE LOVE HEART PINK,0.42
85049G,CHOCOLATE BOX RIBBONS ,1.25
85024B,EAU DE NILE JEWELLED PHOTOFRAME,1.65
23285,PINK VINTAGE SPOT BEAKER,0.85
20838,FRENCH LATTICE CUSHION COVER ,3.29
35968,FOLK ART METAL HEART T-LIGHT HOLDER,0.38
82582,AREA PATROLLED METAL SIGN,1.85
84231,EASTER BUNNY WITH BASKET ON BACK,0.65
21161,KEEP OUT BOYS DOOR HANGER ,1.45
84247K,"FOLK ART GREETING CARD,pack/12",2.95
85161,ACRYLIC GEOMETRIC LAMP,18.95
71477,COLOUR GLASS. STAR T-LIGHT HOLDER,2.75
21744,SNOWFLAKE PORTABLE TABLE LIGHT ,2.95
22999,TRAVEL CARD WALLET RETRO PETALS,0.42
35810A,ENAMEL PINK COFFEE CONTAINER,0.83
35471D,SET OF 3 BIRD LIGHT PINK FEATHER ,0.39
23159,SET OF 5 PANCAKE DAY MAGNETS,4.13
22541,MINI JIGSAW LEAP FROG,0.42
22999,TRAVEL CARD WALLET VINTAGE LEAF,0.42
78033,FLAG OF ST GEORGE CHAIR,5.95
22161,HEART DECORATION RUSTIC HANGING ,0.19
21354,TOAST ITS - BEST MUM,1.25
22489,PACK OF 12 TRADITIONAL CRAYONS,0.42
22583,PACK OF 6 HANDBAG GIFT BOXES,2.55
22568,FELTCRAFT CUSHION OWL,3.75
23245,SET OF 3 REGENCY CAKE TINS,10.79
21679,SKULLS  STICKERS,0.85
82613A,"METAL SIGN,CUPCAKE SINGLE HOOK",1.25
21064,BOOM BOX SPEAKER BOYS,1.25
23531,WALL ART BIG LOVE ,4.76
23215,JINGLE BELL HEART ANTIQUE SILVER,1.79
82483,WOOD 2 DRAWER CABINET WHITE FINISH,5.95
22332,SKULLS PARTY BAG + STICKER SET,1.65
20977,36 PENCILS TUBE WOODLAND,1.25
23130,MISELTOE HEART WREATH ,4.15
23392,SPACEBOY ROCKET LOLLY MAKERS,2.08
47367B,PAIR PADDED HANGERS PINK CHECK,3.75
22028,PENNY FARTHING BIRTHDAY CARD,0.42
47504H,ENGLISH ROSE SPIRIT LEVEL ,0.79
23541,WALL ART CLASSIC PUDDINGS ,8.25
90119,METALIC LEAVES BAG CHARMS,2.55
37327,ASSTD MULTICOLOUR CIRCLES MUG,0.39
21650,ASSORTED TUTTI FRUTTI BRACELET,0.19
23004,TRAVEL CARD WALLET PANTRY,0.42
21992,VINTAGE PAISLEY STATIONERY SET,1.25
72130,COLUMBIAN CANDLE ROUND,0.65
35095A,BLUE VICTORIAN FABRIC OVAL BOX,0.42
22182,CAKE STAND VICTORIAN FILIGREE SMALL,4.95
22806,SET OF 6 T-LIGHTS WEDDING CAKE ,2.95
21311,SET/4 BIRD MIRROR MAGNETS ,0.29
85216,ASSORTED CAKES FRIDGE MAGNETS,0.65
20758,ABSTRACT CIRCLES POCKET BOOK,0.85
22079,RIBBON REEL HEARTS DESIGN ,1.65
21658,GLASS  BEURRE DISH,3.95
21693,SMALL HAMMERED SILVER CANDLEPOT ,2.95
21115,ROSE CARAVAN DOORSTOP,6.75
21446,12 RED ROSE PEG PLACE SETTINGS,1.25
22904,CALENDAR PAPER CUT DESIGN,2.95
71459,HANGING JAM JAR T-LIGHT HOLDERS,0.72
22604,SET OF 4 NAPKIN CHARMS CUTLERY,2.55
23226,FILIGREE HEART DAISY WHITE,1.25
23244,STORAGE TIN VINTAGE LEAF,1.95
21402,RED  EGG  SPOON,0.12
22706,WRAP COWBOYS  ,0.42
21708,FOLDING UMBRELLA CREAM POLKADOT,4.95
22589,CARDHOLDER GINGHAM STAR,4.96
21620,SET OF 4 ROSE BOTANICAL CANDLES,1.25
23172,REGENCY TEA PLATE PINK,1.65
22464,HANGING METAL HEART LANTERN,1.65
84849B,FAIRY SOAP SOAP HOLDER,1.69
22356,CHARLOTTE BAG PINK POLKADOT,0.72
22571,ROCKING HORSE RED CHRISTMAS ,0.72
84029G,KNITTED UNION FLAG HOT WATER BOTTLE,4.25
85170D,SET/6 PINK BIRD T-LIGHT CANDLES,4.13
22729,ALARM CLOCK BAKELIKE ORANGE,7.46
17012F,ORIGAMI SANDLEWOOD INCENSE/CAND SET,0.85
22366,DOORMAT AIRMAIL ,7.95
22403,MAGNETS PACK OF 4 VINTAGE LABELS ,1.25
71477,COLOURED GLASS STAR T-LIGHT HOLDER,3.95
84078A,SET/4 WHITE RETRO STORAGE CUBES ,39.95
22094,RED RETROSPOT TISSUE BOX,0.39
84997D,PINK 3 PIECE POLKADOT CUTLERY SET,4.15
22691,DOORMAT WELCOME SUNRISE,15.79
21154,RED RETROSPOT OVEN GLOVE ,1.25
22286,DECORATION WOBBLY RABBIT METAL ,0.39
CRUK,CRUK Commission,1100.44
79066K,RETRO MOD TRAY,0.85
22179,SET 10 NIGHT OWL LIGHTS,6.75
23116,VEGETABLE GARDEN CHOPPING BOARD,4.95
22178,VICTORIAN GLASS HANGING T-LIGHT,2.46
70006,LOVE HEART POCKET WARMER,1.65
22762,CUPBOARD 3 DRAWER MA CAMPAGNE,14.95
22196,SMALL HEART MEASURING SPOONS,0.85
23101,SILVER STARS TABLE DECORATION,0.83
21888,BINGO SET,7.46
47504K,ENGLISH ROSE GARDEN SECATEURS,0.79
84792,ENCHANTED BIRD COATHANGER 5 HOOK,4.65
23306,SET OF 36 DOILIES PANTRY DESIGN,1.45
21733,RED HANGING HEART T-LIGHT HOLDER,3.24
23460,SWEETHEART WALL TIDY ,9.95
84828,JUNGLE POPSICLES ICE LOLLY MOULDS,1.25
22230,JIGSAW TREE WITH WATERING CAN,0.85
21822,GLITTER CHRISTMAS TREE WITH BELLS,0.79
23032,DRAWER KNOB CRACKLE GLAZE IVORY,1.65
21458,2 PICTURE BOOK EGGS EASTER BUNNY,1.25
22261,FELT EGG COSY WHITE RABBIT ,0.85
84279P,CHERRY BLOSSOM  DECORATIVE FLASK,3.75
72232,FENG SHUI PILLAR CANDLE,0.19
22654,DELUXE SEWING KIT ,11.63
21640,ASSORTED TUTTI FRUTTI  FOB NOTEBOOK,0.85
21591,COSY HOUR CIGAR BOX MATCHES ,1.25
21781,MA CAMPAGNE CUTLERY BOX,14.95
M,Manual,0.42
22535,MAGIC DRAWING SLATE BUNNIES ,0.42
16014,SMALL CHINESE STYLE SCISSOR,0.42
21937,STRAWBERRY   PICNIC BAG,2.95
22465,HANGING METAL STAR LANTERN,1.65
35819P,"ACRYLIC HANGING JEWEL,PINK",0.38
47563A,RETRO LONGBOARD IRONING BOARD COVER,1.25
21112,"SWISS ROLL TOWEL, PINK  SPOTS",1.25
22136,LOVE HEART SOCK HANGER,1.65
22361,GLASS JAR DAISY FRESH COTTON WOOL,2.95
21378,SMALL TALL CAMPHOR WOOD TOADSTOOL,1.65
23060,HEART BEADED TRELLIS DECORATION,2.08
22119,PEACE WOODEN BLOCK LETTERS,1.95
85039B,S/4 IVORY MINI ROSE CANDLE IN BOWL,1.63
84725,FREESTYLE CANVAS ART PICTURE,1.65
23177,TREASURE ISLAND BOOK BOX,2.25
23171,REGENCY TEA PLATE GREEN ,1.45
21369,MIRRORED WALL ART SPLODGES,1.25
90038C,GLASS AND BEADS BRACELET IVORY,3.75
22630,DOLLY GIRL LUNCH BOX,1.65
75049L,LARGE CIRCULAR MIRROR MOBILE,0.85
22942,CHRISTMAS LIGHTS 10 SANTAS ,8.5
90202D,PINK ENAMEL FLOWER HAIR TIE,2.95
21195,PINK  HONEYCOMB PAPER BALL ,0.65
23045,PAPER LANTERN 5 POINT STAR MOON 30,4.15
22641,SET OF 4 NAPKIN CHARMS INSTRUMENT,2.55
22623,BOX OF VINTAGE JIGSAW BLOCKS ,4.95
47567B,TEA TIME KITCHEN APRON,5.95
21982,PACK OF 12 SUKI TISSUES ,0.29
23499,SET 12 VINTAGE DOILY CHALK ,0.42
71270,PHOTO CLIP LINE,1.25
84600,NEW BAROQUE JEWELLERY BOX ,7.95
22893,MINI CAKE STAND T-LIGHT HOLDER,0.42
22976,CIRCUS PARADE CHILDRENS EGG CUP ,1.25
21627,ELEPHANT CARNIVAL POUFFE,14.95
21215,IVORY PAPER CUP CAKE CASES ,0.55
23366,SET 12 COLOURING PENCILS DOILY,0.65
23204,CHARLOTTE BAG APPLES DESIGN,0.72
21264,WHITE GOOSE FEATHER TREE 60CM ,1.95
22544,MINI JIGSAW SPACEBOY,0.42
22523,CHILDS GARDEN FORK PINK,0.85
85183A,CHARLIE & LOLA WASTEPAPER BIN BLUE,1.25
84029E,RED WOOLLY HOTTIE WHITE HEART.,3.39
84969,BOX OF 6 ASSORTED COLOUR TEASPOONS,8.29
22376,AIRLINE BAG VINTAGE JET SET WHITE,4.25
21245,GREEN POLKADOT PLATE ,1.69
22910,PAPER CHAIN KIT VINTAGE CHRISTMAS,2.55
23292,SPACE BOY CHILDRENS CUP,1.25
23368,SET 12 COLOUR PENCILS DOLLY GIRL ,0.65
23542,WALL ART 70'S ALPHABET ,8.25
23240,SET OF 4 KNICK KNACK TINS DOILEY ,4.15
22168,ORGANISER WOOD ANTIQUE WHITE ,8.5
23003,TRAVEL CARD WALLET VINTAGE ROSE ,0.42
85230A,OPIUM SCENTED VOTIVE CANDLE,0.29
23419,HOME SWEET HOME BOTTLE ,2.08
23457,LARGE PARLOUR PICTURE FRAME,4.95
22719,GUMBALL MONOCHROME COAT RACK,1.25
84992,72 SWEETHEART FAIRY CAKE CASES,0.42
23122,PARTY CHARMS 50 PIECES,0.83
21929,JUMBO BAG PINK VINTAGE PAISLEY,1.95
47563A,RETRO LONGBOARD IRONING BOARD COVER,3.75
20983,12 PENCILS TALL TUBE RED RETROSPOT,0.85
21366,MIRRORED WALL ART PHOTO FRAMES,4.25
22819,"BIRTHDAY CARD, RETRO SPOT",0.42
23528,WALL ART SPACEBOY,3.75
23289,DOLLY GIRL CHILDRENS BOWL,1.25
20654,FIRST CLASS LUGGAGE TAG ,1.25
21166,COOK WITH WINE METAL SIGN ,1.95
22153,ANGEL DECORATION STARS ON DRESS,0.42
22705,WRAP GREEN PEARS ,0.42
22802,FAUX FUR CHOCOLATE THROW,19.95
10133,COLOURING PENCILS BROWN TUBE,0.42
16254,TRANSPARENT ACRYLIC TAPE DISPENSER,1.63
23090,VINTAGE GLASS T-LIGHT HOLDER,0.83
85106,CUT GLASS HEXAGON T-LIGHT HOLDER,2.55
23242,TREASURE TIN BUFFALO BILL ,1.85
47518F,ICON PLACEMAT POP ART ELVIS,0.12
21619,4 VANILLA BOTANICAL CANDLES,1.25
72819,CUPID DESIGN SCENTED CANDLES,2.55
21206,STRAWBERRY HONEYCOMB  GARLAND ,0.65
22780,LIGHT GARLAND BUTTERFILES PINK,3.37
22704,WRAP RED APPLES ,0.42
22175,PINK OWL SOFT TOY,2.95
22521,CHILDS GARDEN TROWEL PINK,0.85
22048,BIRTHDAY BANQUET GIFT WRAP,0.42
23066,SMALL DECO JEWELLERY STAND,8.25
23554,LANDMARK FRAME OXFORD STREET,10.95
23487,SWEET HEART CAKE CARRIER,9.95
22663,JUMBO BAG DOLLY GIRL DESIGN,2.08
82484,WOOD BLACK BOARD ANT WHITE FINISH,7.9
21976,PACK OF 60 MUSHROOM CAKE CASES,0.55
20735,BLACK MINI TAPE MEASURE ,0.85
15044B,BLUE PAPER PARASOL ,2.95
84969,BOX OF 6 ASSORTED COLOUR TEASPOONS,4.25
79191D,RETRO PLASTIC DAISY TRAY,0.85
17129F,BLUE GLASS GEMS IN BAG,0.64
84531A,PINK KNITTED EGG COSY,0.39
22211,WOOD STAMP SET FLOWERS,1.45
84625A,PINK NEW BAROQUECANDLESTICK CANDLE,2.95
22262,FELT EGG COSY CHICKEN,0.85
22049,WRAP CHRISTMAS SCREEN PRINT,0.42
22207,FRYING PAN UNION FLAG,3.75
22753,SMALL YELLOW BABUSHKA NOTEBOOK ,0.85
84032A,CHARLIE+LOLA PINK HOT WATER BOTTLE,2.95
82616B,FRAPPUCINO SCARF KNITTING KIT,2.95
21926,RED/CREAM STRIPE CUSHION COVER ,1.25
85199S,SMALL HANGING IVORY/RED WOOD BIRD,0.42
46775D,SUNSET COLOUR CHUNKY KNITTED THROW,16.95
21792,CLASSIC FRENCH STYLE BASKET GREEN ,3.95
23251,VINTAGE RED ENAMEL TRIM MUG ,1.25
22060,LARGE CAKE STAND HANGING HEARTS,3.95
22668,PINK BABY BUNTING,2.95
21462,"NURSERY A,B,C PAINTED LETTERS",6.75
21238,RED RETROSPOT CUP,0.85
23161,REGENCY CAKE FORK,1.25
23518,EMBROIDERED RIBBON REEL RACHEL ,2.89
48184,DOORMAT ENGLISH ROSE ,7.08
23539,WALL ART LOVES' SECRET ,5.95
85152,HAND OVER THE CHOCOLATE   SIGN ,1.85
85036C,ROSE 1 WICK MORRIS BOXED CANDLE,4.25
21524,DOORMAT SPOTTY HOME SWEET HOME,7.95
23163,REGENCY SUGAR TONGS,2.49
23228,FILIGREE HEART BIRD WHITE ,1.25
21248,DOOR HANGER  MUM + DADS ROOM,1.45
84509G,SET OF 4 FAIRY CAKE PLACEMATS ,3.75
72131,COLUMBIAN CANDLE RECTANGLE,1.65
20761,BLUE PAISLEY SKETCHBOOK,3.75
22095,LADS ONLY TISSUE BOX,1.25
82567,"AIRLINE LOUNGE,METAL SIGN",2.1
22187,GREEN CHRISTMAS TREE CARD HOLDER,4.25
22857,ASSORTED EASTER GIFT TAGS,0.85
21527,RED RETROSPOT TRADITIONAL TEAPOT ,7.95
23174,REGENCY SUGAR BOWL GREEN,3.75
